Timestamp,Quat.X,Quat.Y,Quat.Z,Quat.W,MagHeading,TrueHeading,HeadingAccuracy,Altitude
0.151072,0.030259,-0.018758,0.000568,0.999366,322.484131,311.649292,35,68.979996
0.161091,0.028353,-0.016964,-0.000643,0.999454,322.484131,311.649292,35,68.979996
0.17103,0.026933,-0.015386,-0.002075,0.999517,322.484131,311.649292,35,68.979996
0.180644,0.025809,-0.013444,-0.003675,0.99957,322.484131,311.649292,35,68.979996
0.190948,0.024787,-0.010991,-0.005365,0.999618,322.484131,311.649292,35,68.979996
0.200891,0.02395,-0.008302,-0.006997,0.999654,318.41095,307.576111,40,68.979996
0.21088,0.023415,-0.005623,-0.008496,0.999674,318.41095,307.576111,40,68.979996
0.221178,0.023084,-0.003374,-0.009875,0.999679,318.864441,308.029602,40,68.979996
0.231075,0.022767,-0.001685,-0.011221,0.999676,318.864441,308.029602,40,68.979996
0.24073,0.022405,-0.000544,-0.012626,0.999669,318.864441,308.029602,40,68.979996
0.251129,0.02188,0.000173,-0.014119,0.999661,319.270081,308.435242,40,68.979996
0.261137,0.021108,0.000182,-0.015825,0.999652,319.270081,308.435242,40,68.979996
0.271243,0.020006,-0.000578,-0.017727,0.999642,319.758545,308.923706,40,68.979996
0.281068,0.01849,-0.00181,-0.019768,0.999632,319.758545,308.923706,40,68.979996
0.290929,0.016703,-0.003082,-0.021935,0.999615,319.758545,308.923706,40,68.992874
0.30095,0.014927,-0.004119,-0.024246,0.999586,320.360992,309.526154,40,68.992874
0.311175,0.013366,-0.005187,-0.026528,0.999545,320.360992,309.526154,40,68.992874
0.320836,0.012161,-0.006641,-0.028617,0.999494,321.012085,310.177246,40,68.992874
0.330601,0.011459,-0.008699,-0.030475,0.999432,321.012085,310.177246,40,68.992874
0.341058,0.011272,-0.0113,-0.032061,0.999358,321.012085,310.177246,40,68.992874
0.351052,0.011553,-0.014091,-0.033459,0.999274,321.503601,310.668762,40,68.992874
0.360915,0.012231,-0.016828,-0.034735,0.99918,321.503601,310.668762,40,68.992874
0.3712,0.013107,-0.019473,-0.036048,0.999074,321.865417,311.030579,40,68.992874
0.381154,0.013603,-0.022129,-0.037498,0.998959,321.865417,311.030579,40,68.992874
0.390837,0.0136,-0.023485,-0.038278,0.998899,321.865417,311.030579,40,68.992874
0.401073,0.013023,-0.027627,-0.040821,0.9987,322.284515,311.449677,40,68.992874
0.410813,0.01281,-0.02914,-0.04173,0.998622,322.284515,311.449677,40,68.992874
0.421031,0.012547,-0.034446,-0.044356,0.998343,322.284515,311.449677,40,68.992874
0.430995,0.012574,-0.036453,-0.045137,0.998236,322.784607,311.949768,40,68.992874
0.441028,0.012725,-0.040253,-0.046418,0.99803,322.784607,311.949768,40,68.992874
0.451264,0.013063,-0.043542,-0.047339,0.997844,323.135437,312.300598,40,68.992874
0.460518,0.01368,-0.046112,-0.047982,0.997689,323.135437,312.300598,40,68.992874
0.471471,0.014735,-0.047791,-0.04842,0.997574,323.135437,312.300598,40,68.992874
0.480397,0.016459,-0.048836,-0.04876,0.99748,323.271362,312.436523,40,68.992874
0.491214,0.018867,-0.050654,-0.049075,0.997331,323.271362,312.436523,40,68.992874
0.501286,0.021424,-0.052395,-0.04953,0.997167,323.319763,312.484924,40,68.992874
0.510371,0.023586,-0.053979,-0.050115,0.997005,323.319763,312.484924,40,68.992874
0.521864,0.025224,-0.055325,-0.050697,0.996862,323.319763,312.484924,40,68.992874
0.531334,0.026735,-0.054951,-0.051088,0.996823,323.434448,312.599609,40,68.992874
0.541419,0.029575,-0.05007,-0.050768,0.997016,323.434448,312.599609,40,68.992874
0.551042,0.033737,-0.041942,-0.049635,0.997316,323.338257,312.503418,40,68.992874
0.561402,0.038374,-0.03294,-0.048144,0.997559,323.338257,312.503418,40,68.992874
0.571567,0.042468,-0.025884,-0.04686,0.997663,323.338257,312.503418,40,68.992874
0.581427,0.046262,-0.022863,-0.046044,0.997606,322.979614,312.144775,40,68.992874
0.591846,0.050022,-0.021644,-0.045705,0.997467,322.979614,312.144775,40,68.992874
0.601137,0.052826,-0.020539,-0.045807,0.997341,322.860168,312.02533,40,68.992874
0.611012,0.054131,-0.019766,-0.04642,0.997258,322.860168,312.02533,40,68.992874
0.621964,0.054342,-0.01974,-0.047623,0.997191,322.860168,312.02533,40,68.992874
0.631663,0.053857,-0.020311,-0.049359,0.997121,322.860168,312.02533,40,68.992874
0.641185,0.052781,-0.021225,-0.051448,0.997054,323.112579,312.27774,40,68.992874
0.650912,0.051405,-0.022274,-0.053708,0.996984,323.694702,312.859863,40,68.992874
0.660869,0.049979,-0.023211,-0.055749,0.996923,323.694702,312.859863,40,68.992874
0.67097,0.048681,-0.024116,-0.057333,0.996876,323.694702,312.859863,40,68.992874
0.680406,0.047516,-0.024805,-0.05842,0.996852,324.217468,313.382629,40,68.992874
0.691236,0.046585,-0.024999,-0.059105,0.996851,324.217468,313.382629,40,68.992874
0.701284,0.046085,-0.024556,-0.059485,0.996862,324.432251,313.597412,40,68.992874
0.711183,0.046097,-0.023681,-0.059592,0.996877,324.432251,313.597412,40,68.992874
0.721181,0.046439,-0.022658,-0.059409,0.996895,324.432251,313.597412,40,68.992874
0.73111,0.046808,-0.021563,-0.058996,0.996927,324.437073,313.602234,40,68.992874
0.740626,0.046892,-0.020418,-0.058612,0.99697,324.437073,313.602234,40,68.992874
0.750879,0.046475,-0.019509,-0.058424,0.997019,324.350525,313.515686,40,68.992874
0.760827,0.045536,-0.019122,-0.058453,0.997068,324.350525,313.515686,40,68.992874
0.771176,0.044081,-0.019322,-0.058651,0.997118,324.350525,313.515686,40,68.992874
0.781129,0.042081,-0.02009,-0.058908,0.997174,324.391205,313.556366,40,68.992874
0.791143,0.03983,-0.021088,-0.059118,0.997233,324.391205,313.556366,40,68.992874
0.801377,0.037577,-0.022143,-0.059227,0.997291,324.458374,313.623535,40,68.992874
0.811638,0.0354,-0.023436,-0.059177,0.997344,324.458374,313.623535,40,68.992874
0.821414,0.033261,-0.024821,-0.058962,0.997397,324.458374,313.623535,40,68.992874
0.831654,0.031289,-0.025839,-0.058596,0.997457,324.431244,313.596405,40,68.992874
0.84105,0.029631,-0.026177,-0.058087,0.997528,324.431244,313.596405,40,68.992874
0.851299,0.028277,-0.025944,-0.057492,0.997608,324.431244,313.596405,40,68.992874
0.861165,0.039141,-0.021256,-0.05727,0.997365,324.305817,313.470978,40,68.992874
0.873829,0.048582,-0.017404,-0.057286,0.997023,324.305817,313.470978,40,68.992874
0.881077,0.054966,-0.013829,-0.056734,0.996779,324.293427,313.458588,40,68.992874
0.891216,0.057783,-0.012941,-0.056482,0.996646,324.293427,313.458588,40,68.992874
0.900762,0.058975,-0.013726,-0.056242,0.996579,324.293427,313.458588,40,68.992874
0.911122,0.059352,-0.013963,-0.056079,0.996563,324.243652,313.408813,40,68.992874
0.92155,0.058195,-0.014515,-0.055902,0.996633,324.243652,313.408813,40,68.992874
0.931099,0.055052,-0.015886,-0.055682,0.996803,324.185944,313.351105,35,68.992874
0.941458,0.051285,-0.016729,-0.055497,0.997,324.185944,313.351105,35,68.992874
0.951009,0.048419,-0.017288,-0.055299,0.997145,324.126434,313.291595,35,68.992874
0.964265,0.046354,-0.017484,-0.055035,0.997254,324.126434,313.291595,35,68.992874
0.971544,0.044558,-0.016925,-0.054678,0.997365,324.126434,313.291595,35,68.992874
0.981231,0.043595,-0.016171,-0.054199,0.997447,324.042328,313.207489,35,68.992874
0.991359,0.043241,-0.015592,-0.053547,0.997507,324.042328,313.207489,35,68.992874
1.001256,0.043103,-0.014961,-0.052742,0.997565,323.868164,313.033325,35,68.992874
1.011279,0.042768,-0.014565,-0.05187,0.997631,323.868164,313.033325,35,68.992874
1.028152,0.041131,-0.013817,-0.050714,0.99777,323.868164,313.033325,35,68.992874
1.030312,0.041103,-0.013644,-0.050387,0.99779,323.868164,313.033325,35,68.992874
1.041137,0.041046,-0.013484,-0.049819,0.997823,323.638092,312.803253,35,68.992874
1.051129,0.041298,-0.013309,-0.049352,0.997838,323.475342,312.640503,35,68.992874
1.061003,0.041875,-0.012996,-0.04897,0.997837,323.475342,312.640503,35,68.992874
1.071592,0.042533,-0.012883,-0.048674,0.997825,323.475342,312.640503,35,68.992874
1.08129,0.043378,-0.012855,-0.048504,0.997798,323.377319,312.54248,35,68.992874
1.091203,0.043961,-0.012621,-0.048456,0.997778,323.377319,312.54248,35,68.992874
1.101026,0.043717,-0.01218,-0.048451,0.997794,323.358215,312.523376,35,68.992874
1.111096,0.042935,-0.011644,-0.048457,0.997834,323.358215,312.523376,35,68.992874
1.121426,0.042143,-0.011093,-0.048507,0.997871,323.358215,312.523376,35,68.992874
1.13115,0.041581,-0.010644,-0.048538,0.997898,323.374908,312.54007,35,68.992874
1.140979,0.041126,-0.010295,-0.048457,0.997925,323.374908,312.54007,35,68.992874
1.15115,0.040896,-0.009843,-0.048232,0.99795,323.355804,312.520966,35,68.992874
1.161223,0.040752,-0.009345,-0.047902,0.997976,323.355804,312.520966,35,68.992874
1.174166,0.040493,-0.008858,-0.047378,0.998016,323.355804,312.520966,35,68.992874
1.180952,0.040596,-0.008591,-0.04725,0.998021,323.26474,312.429901,35,68.992874
1.191247,0.040713,-0.008161,-0.047126,0.998025,323.26474,312.429901,35,68.992874
1.201262,0.040587,-0.007817,-0.047213,0.998029,323.234497,312.399658,35,68.992874
1.211251,0.040237,-0.007651,-0.047496,0.998031,323.234497,312.399658,35,68.992874
1.221274,0.03997,-0.00761,-0.047873,0.998024,323.234497,312.399658,35,68.992874
1.231127,0.039845,-0.007687,-0.048237,0.998011,323.325684,312.490845,35,68.992874
1.242727,0.03983,-0.007881,-0.048386,0.998003,323.325684,312.490845,35,68.992874
1.25114,0.039339,-0.008321,-0.048745,0.998001,323.406311,312.571472,35,68.992874
1.26116,0.038855,-0.008395,-0.048962,0.998009,323.406311,312.571472,35,68.992874
1.271269,0.038333,-0.008228,-0.049187,0.99802,323.406311,312.571472,35,68.992874
1.281169,0.037878,-0.007984,-0.049379,0.99803,323.468994,312.634155,35,68.992874
1.291182,0.037531,-0.007704,-0.049533,0.998037,323.468994,312.634155,35,68.992874
1.301303,0.037357,-0.007382,-0.04967,0.998039,323.468994,312.634155,35,68.992874
1.312263,0.037317,-0.007271,-0.049733,0.998039,323.518707,312.683868,35,68.992874
1.321252,0.037348,-0.007134,-0.049998,0.998025,323.518707,312.683868,35,68.992874
1.331101,0.03715,-0.00711,-0.050316,0.998017,323.569183,312.734344,35,68.992874
1.34105,0.036569,-0.007,-0.050708,0.998019,323.569183,312.734344,35,68.992874
1.351243,0.035718,-0.006818,-0.051085,0.998032,323.677856,312.843018,35,68.992874
1.361466,0.035032,-0.006687,-0.051365,0.998043,323.677856,312.843018,35,68.992874
1.371245,0.034545,-0.006736,-0.05153,0.998051,323.677856,312.843018,35,68.992874
1.381939,0.034404,-0.006759,-0.051586,0.998053,323.745117,312.910278,35,68.992874
1.391007,0.03408,-0.00698,-0.051669,0.998058,323.745117,312.910278,35,68.992874
1.401472,0.033901,-0.006995,-0.051691,0.998063,323.759583,312.924744,35,68.992874
1.411017,0.03365,-0.006804,-0.051706,0.998072,323.759583,312.924744,35,68.992874
1.421176,0.03331,-0.006579,-0.051725,0.998084,323.759583,312.924744,35,68.992874
1.431309,0.032972,-0.006466,-0.051808,0.998092,323.766266,312.931427,35,68.992874
1.440986,0.03274,-0.006585,-0.051968,0.99809,323.766266,312.931427,35,68.992874
1.451839,0.032799,-0.006664,-0.052079,0.998082,323.766266,312.931427,35,68.992874
1.460963,0.032383,-0.006769,-0.052412,0.998077,323.810669,312.97583,35,68.992874
1.47109,0.032227,-0.006782,-0.052586,0.998073,323.810669,312.97583,35,68.992874
1.481087,0.032218,-0.006776,-0.052726,0.998066,323.867035,313.032196,35,68.992874
1.491243,0.032207,-0.006768,-0.05287,0.998059,323.867035,313.032196,35,68.992874
1.501345,0.0321,-0.006736,-0.053045,0.998053,323.867035,313.032196,35,68.992874
1.511356,0.031973,-0.006652,-0.053141,0.998053,323.910461,313.075623,35,68.992874
1.523085,0.031654,-0.006598,-0.053335,0.998053,323.910461,313.075623,35,68.992874
1.531112,0.031114,-0.006869,-0.053526,0.998058,323.962799,313.12796,35,68.992874
1.541177,0.030808,-0.006974,-0.053585,0.998064,323.962799,313.12796,35,68.992874
1.551849,0.03073,-0.00694,-0.053603,0.998065,323.980774,313.145935,35,68.992874
1.561367,0.030794,-0.006801,-0.053606,0.998064,323.980774,313.145935,35,68.992874
1.571284,0.030861,-0.006499,-0.05361,0.998064,323.980774,313.145935,35,68.992874
1.581475,0.030862,-0.006206,-0.053628,0.998065,323.986206,313.151367,35,68.992874
1.591208,0.03078,-0.005982,-0.053656,0.998067,323.986206,313.151367,35,68.992874
1.601585,0.030444,-0.006028,-0.053776,0.998071,323.986206,313.151367,35,68.992874
1.613554,0.03034,-0.00618,-0.05383,0.99807,324.001892,313.167053,35,68.992874
1.621293,0.030037,-0.006634,-0.053964,0.998069,324.001892,313.167053,35,68.992874
1.631353,0.029721,-0.00712,-0.054103,0.998067,324.035828,313.200989,35,68.992874
1.641468,0.029402,-0.00754,-0.054229,0.998067,324.035828,313.200989,35,68.992874
1.651462,0.029073,-0.007718,-0.054394,0.998066,324.067902,313.233063,35,68.992874
1.661835,0.028909,-0.007575,-0.054441,0.99807,324.067902,313.233063,35,68.992874
1.671455,0.028789,-0.00721,-0.05456,0.998069,324.067902,313.233063,35,68.992874
1.683983,0.028624,-0.006885,-0.054725,0.998067,324.106384,313.271545,35,68.992874
1.691333,0.028337,-0.006792,-0.054925,0.998065,324.106384,313.271545,35,68.992874
1.725842,0.026783,-0.006596,-0.055265,0.998091,324.106384,313.271545,35,68.992874
1.730613,0.026783,-0.006596,-0.055265,0.998091,324.106384,313.271545,35,68.992874
1.741416,0.026674,-0.006177,-0.055286,0.998095,324.176666,313.341827,35,68.992874
1.751815,0.026629,-0.005728,-0.055296,0.998098,324.182068,313.347229,35,68.992874
1.761297,0.026557,-0.005523,-0.055289,0.998102,324.182068,313.347229,35,68.992874
1.771709,0.026647,-0.004774,-0.055255,0.998105,324.182068,313.347229,35,68.992874
1.781384,0.026733,-0.004533,-0.055246,0.998104,324.180664,313.345825,35,68.992874
1.791365,0.026948,-0.003842,-0.055229,0.998103,324.180664,313.345825,35,68.992874
1.801193,0.027212,-0.002942,-0.055245,0.998098,324.187317,313.352478,35,68.992874
1.810234,0.027576,-0.001669,-0.055312,0.998087,324.187317,313.352478,35,68.992874
1.822083,0.028255,0.000582,-0.055432,0.998062,324.187317,313.352478,35,68.992874
1.831294,0.02841,0.001217,-0.055463,0.998056,324.220642,313.385803,35,68.992874
1.841274,0.028832,0.002584,-0.055528,0.998037,324.220642,313.385803,35,68.992874
1.851143,0.029216,0.003863,-0.055545,0.998021,324.243622,313.408783,35,68.992874
1.861051,0.029573,0.00507,-0.05557,0.998004,324.243622,313.408783,35,68.992874
1.871317,0.029956,0.007336,-0.05566,0.997973,324.243622,313.408783,35,68.992874
1.881284,0.0303,0.010474,-0.055503,0.997944,324.265472,313.430634,35,68.992874
1.891146,0.030986,0.013527,-0.055283,0.997898,324.265472,313.430634,35,68.992874
1.901332,0.032064,0.017277,-0.054972,0.997823,324.221313,313.386475,35,68.992874
1.910915,0.033463,0.021834,-0.054455,0.997716,324.221313,313.386475,35,68.992874
1.921132,0.035112,0.02629,-0.05383,0.997586,324.221313,313.386475,35,68.992874
1.931249,0.03706,0.02628,-0.053168,0.997551,324.093384,313.258545,35,68.992874
1.941003,0.03903,0.025422,-0.052291,0.997545,324.093384,313.258545,35,68.992874
1.951167,0.04067,0.02563,-0.051356,0.997523,323.855347,313.020508,35,68.992874
1.961368,0.041723,0.026894,-0.050616,0.997484,323.855347,313.020508,35,68.992874
1.97124,0.042289,0.029155,-0.050119,0.997421,323.855347,313.020508,35,68.992874
1.981219,0.042767,0.032381,-0.049728,0.997321,323.732513,312.897675,35,68.992874
1.991221,0.043426,0.036143,-0.049417,0.997179,323.732513,312.897675,35,68.992874
2.001176,0.04423,0.040674,-0.049055,0.996987,323.732513,312.897675,35,68.992874
2.010958,0.045258,0.045997,-0.048638,0.99673,323.690887,312.856049,35,68.992874
2.021261,0.046293,0.052495,-0.048226,0.996381,323.690887,312.856049,35,68.992874
2.031492,0.047121,0.060497,-0.047949,0.995902,323.67514,312.840302,35,68.992874
2.041127,0.047739,0.069949,-0.047942,0.995253,323.67514,312.840302,35,68.992874
2.051146,0.048147,0.080196,-0.048071,0.994454,323.67514,312.840302,35,68.992874
2.061201,0.048514,0.091131,-0.048094,0.993493,323.820618,312.985779,35,68.992874
2.071265,0.04885,0.103071,-0.048049,0.992311,323.820618,312.985779,35,68.992874
2.081226,0.049112,0.116046,-0.047892,0.990872,323.966034,313.131195,35,68.992874
2.091235,0.049296,0.12956,-0.047511,0.989205,323.966034,313.131195,35,68.992874
2.100314,0.049432,0.143542,-0.047171,0.987282,323.966034,313.131195,35,68.992874
2.111131,0.049345,0.158385,-0.046716,0.985036,324.041595,313.206757,35,68.992874
2.121094,0.048989,0.174965,-0.046132,0.982272,324.041595,313.206757,35,68.992874
2.131152,0.048257,0.192552,-0.045452,0.979045,324.052979,313.21814,35,68.992874
2.141192,0.047251,0.21044,-0.044816,0.975435,324.052979,313.21814,35,68.992874
2.151196,0.046087,0.228417,-0.044231,0.971466,324.052979,313.21814,35,68.992874
2.161203,0.045058,0.2461,-0.043554,0.967216,324.004364,313.169525,35,68.992874
2.171302,0.04387,0.263809,-0.042864,0.962623,324.004364,313.169525,35,68.992874
2.180216,0.042599,0.281924,-0.04223,0.95756,323.89856,313.063721,35,68.992874
2.191195,0.041523,0.300005,-0.041627,0.952124,323.89856,313.063721,35,68.992874
2.201214,0.040628,0.318022,-0.040939,0.946327,323.89856,313.063721,35,68.992874
2.211116,0.039771,0.33617,-0.040262,0.940099,323.781921,312.947083,35,68.992874
2.221262,0.038899,0.354682,-0.039615,0.933337,323.781921,312.947083,35,68.992874
2.231259,0.038006,0.373322,-0.038826,0.92611,323.640686,312.805847,35,68.992874
2.241215,0.036803,0.392165,-0.038043,0.918371,323.640686,312.805847,35,68.992874
2.251061,0.035713,0.410606,-0.037379,0.910346,323.640686,312.805847,35,68.992874
2.261193,0.034703,0.428552,-0.036705,0.902104,323.431702,312.596863,35,68.992874
2.271275,0.033786,0.446159,-0.036077,0.893588,323.431702,312.596863,35,68.992874
2.28114,0.033011,0.46305,-0.035406,0.885009,323.234131,312.399292,35,68.992874
2.291258,0.03196,0.479768,-0.034724,0.876125,323.234131,312.399292,35,68.992874
2.301143,0.031122,0.49585,-0.034079,0.867181,323.234131,312.399292,35,68.992874
2.311628,0.030465,0.511419,-0.033319,0.858145,323.001099,312.16626,35,68.992874
2.321185,0.029771,0.526787,-0.032604,0.84885,323.001099,312.16626,35,68.992874
2.334126,0.029332,0.54182,-0.031995,0.839373,322.777985,311.943146,35,68.992874
2.34092,0.029221,0.556245,-0.031385,0.829911,322.777985,311.943146,35,68.992874
2.35116,0.029049,0.569871,-0.030729,0.820645,322.777985,311.943146,35,68.992874
2.361166,0.028766,0.582467,-0.030147,0.811786,322.634888,311.800049,35,68.992874
2.371067,0.028538,0.593827,-0.029686,0.803538,322.634888,311.800049,35,68.992874
2.3813,0.028392,0.603987,-0.029349,0.795947,322.634888,311.800049,35,68.992874
2.391224,0.028352,0.613119,-0.029106,0.788945,322.510254,311.675415,35,68.992874
2.403627,0.028295,0.621263,-0.028857,0.782559,322.510254,311.675415,35,68.992874
2.410992,0.028121,0.628785,-0.028556,0.776546,322.455994,311.621155,35,68.992874
2.421477,0.027868,0.636037,-0.028184,0.77064,322.455994,311.621155,35,68.992874
2.431593,0.02752,0.642962,-0.027743,0.7649,322.337769,311.50293,35,68.992874
2.44121,0.027313,0.649307,-0.027311,0.759545,322.337769,311.50293,35,68.992874
2.451583,0.027446,0.654875,-0.026901,0.75476,322.337769,311.50293,35,68.992874
2.461228,0.028017,0.65931,-0.026462,0.750883,322.247559,311.41272,35,68.992874
2.47396,0.028816,0.66248,-0.025902,0.748077,322.247559,311.41272,35,68.992874
2.48092,0.02961,0.664608,-0.025269,0.746177,322.277527,311.442688,35,68.992874
2.49123,0.03025,0.666306,-0.024573,0.74466,322.277527,311.442688,35,68.992874
2.501243,0.03074,0.667902,-0.023891,0.74323,322.277527,311.442688,35,68.992874
2.511013,0.031136,0.669721,-0.023276,0.741594,322.246338,311.411499,35,68.992874
2.521496,0.031369,0.671887,-0.022731,0.73964,322.246338,311.411499,35,68.992874
2.53046,0.031449,0.674229,-0.022352,0.737514,322.246338,311.411499,35,68.992874
2.543962,0.03142,0.676497,-0.022162,0.735441,322.188293,311.353455,35,68.992874
2.551085,0.031317,0.678438,-0.022185,0.733655,322.188293,311.353455,35,68.992874
2.560524,0.031051,0.679779,-0.022442,0.732415,322.16272,311.327881,35,68.992874
2.571356,0.030547,0.680666,-0.022935,0.731597,322.16272,311.327881,35,68.992874
2.581253,0.029864,0.681258,-0.023557,0.731054,322.16272,311.327881,35,68.992874
2.590967,0.028972,0.681775,-0.024237,0.730586,322.169037,311.334198,35,68.992874
2.601009,0.027994,0.682382,-0.024909,0.730035,322.131287,311.296448,35,68.992874
2.611042,0.027059,0.682987,-0.025525,0.729483,322.131287,311.296448,35,68.992874
2.620805,0.026293,0.683617,-0.026021,0.728903,322.131287,311.296448,35,68.992874
2.631001,0.025739,0.684319,-0.026432,0.728249,322.088257,311.253418,35,68.992874
2.641026,0.025318,0.685181,-0.026812,0.727439,322.088257,311.253418,35,68.992874
2.651008,0.025051,0.686045,-0.027109,0.726622,322.090149,311.25531,35,68.992874
2.661027,0.024899,0.686717,-0.027305,0.725985,322.090149,311.25531,35,68.992874
2.671085,0.024753,0.68698,-0.027575,0.725731,322.090149,311.25531,35,68.992874
2.681052,0.024636,0.686872,-0.027863,0.725826,322.114868,311.280029,35,68.992874
2.691028,0.024499,0.686686,-0.028116,0.725998,322.114868,311.280029,35,68.992874
2.700978,0.024372,0.686663,-0.028305,0.726016,322.114868,311.280029,35,68.992874
2.710805,0.024189,0.686915,-0.028489,0.725776,322.134796,311.299957,35,68.992874
2.720778,0.023988,0.687299,-0.0287,0.72541,322.134796,311.299957,35,68.992874
2.730725,0.023775,0.687671,-0.028864,0.725058,322.134125,311.299286,35,68.992874
2.74074,0.023473,0.687975,-0.029002,0.724775,322.134125,311.299286,35,68.992874
2.75074,0.023171,0.688231,-0.029071,0.724538,322.134125,311.299286,35,68.992874
2.760779,0.022983,0.688541,-0.029019,0.724251,322.097809,311.26297,35,68.992874
2.770972,0.022886,0.68899,-0.028904,0.723832,322.097809,311.26297,35,68.878319
2.781011,0.022872,0.689548,-0.028744,0.723307,322.054688,311.219849,35,68.878319
2.791022,0.022871,0.690014,-0.028629,0.722867,322.054688,311.219849,35,68.878319
2.801069,0.02295,0.690286,-0.028517,0.722609,322.054688,311.219849,35,68.878319
2.811005,0.023075,0.690349,-0.028388,0.72255,322.037476,311.202637,35,68.878319
2.821069,0.023229,0.690185,-0.028278,0.722706,322.037476,311.202637,35,68.878319
2.830978,0.023406,0.689827,-0.028236,0.723044,322.047272,311.212433,35,68.878319
2.84095,0.023522,0.689347,-0.028263,0.723496,322.047272,311.212433,35,68.878319
2.850951,0.02355,0.688809,-0.028353,0.724004,322.047272,311.212433,35,68.878319
2.860963,0.023519,0.688318,-0.028434,0.724469,322.07312,311.238281,35,68.878319
2.870927,0.02345,0.687907,-0.028468,0.72486,322.07312,311.238281,35,68.878319
2.880757,0.023341,0.687554,-0.028476,0.725198,322.067261,311.232422,35,68.878319
2.890773,0.02323,0.687164,-0.028522,0.725569,322.067261,311.232422,35,68.878319
2.900721,0.023153,0.68676,-0.028608,0.725951,322.067261,311.232422,35,68.878319
2.91083,0.023096,0.686356,-0.028701,0.726331,322.061462,311.226624,35,68.878319
2.920948,0.023004,0.685996,-0.028806,0.726669,322.061462,311.226624,35,68.878319
2.930954,0.022911,0.685749,-0.028897,0.726902,322.065887,311.231049,35,68.878319
2.940974,0.022836,0.685627,-0.028968,0.727016,322.065887,311.231049,35,68.878319
2.950912,0.022785,0.685587,-0.028974,0.727056,322.065887,311.231049,35,68.878319
2.960808,0.022743,0.68561,-0.028857,0.72704,322.059784,311.224945,35,68.878319
2.970928,0.022688,0.685609,-0.028656,0.72705,322.059784,311.224945,35,68.878319
2.980959,0.022646,0.685562,-0.028397,0.727106,322.010193,311.175354,35,68.878319
2.990953,0.022633,0.685393,-0.028145,0.727276,322.010193,311.175354,35,68.878319
3.000916,0.022589,0.685094,-0.027935,0.727567,322.010193,311.175354,35,68.878319
3.010959,0.022454,0.684667,-0.027781,0.727979,321.956177,311.121338,35,68.878319
3.020994,0.022233,0.684256,-0.02771,0.728374,321.956177,311.121338,35,68.878319
3.030774,0.021979,0.683897,-0.027688,0.72872,321.899017,311.064178,35,68.878319
3.041088,0.021749,0.683584,-0.027703,0.72902,321.899017,311.064178,35,68.878319
3.052127,0.02157,0.683347,-0.027724,0.729247,321.899017,311.064178,35,68.878319
3.061066,0.021386,0.683182,-0.02772,0.729407,321.861389,311.02655,35,68.878319
3.070952,0.021097,0.6831,-0.027687,0.729493,321.861389,311.02655,35,68.878319
3.080824,0.020754,0.683182,-0.027599,0.72943,321.799835,310.964996,35,68.878319
3.090879,0.020422,0.683467,-0.027483,0.729177,321.799835,310.964996,35,68.878319
3.101067,0.0202,0.683897,-0.02732,0.728785,321.799835,310.964996,35,68.878319
3.110748,0.020073,0.684334,-0.027118,0.728386,321.716614,310.881775,35,68.878319
3.12152,0.019946,0.684724,-0.026943,0.72803,321.716614,310.881775,35,68.878319
3.13091,0.019764,0.684965,-0.02684,0.727812,321.654724,310.819885,35,68.878319
3.140893,0.019565,0.685098,-0.026772,0.727695,321.654724,310.819885,35,68.878319
3.150824,0.019325,0.685202,-0.026703,0.727606,321.654724,310.819885,35,68.878319
3.160807,0.019088,0.685406,-0.026595,0.727423,321.596985,310.762146,35,68.878319
3.171037,0.018882,0.685767,-0.026438,0.727095,321.596985,310.762146,35,68.878319
3.181091,0.018681,0.686181,-0.026274,0.726714,321.523071,310.688232,35,68.878319
3.191584,0.018514,0.686608,-0.02613,0.72632,321.523071,310.688232,35,68.878319
3.201076,0.018346,0.687013,-0.025998,0.725946,321.523071,310.688232,35,68.878319
3.210898,0.018176,0.687312,-0.025908,0.725671,321.459778,310.624939,35,68.878319
3.221086,0.018095,0.68749,-0.02581,0.725508,321.459778,310.624939,35,68.878319
3.231467,0.018101,0.687566,-0.025675,0.725441,321.459778,310.624939,35,68.878319
3.241232,0.018098,0.687564,-0.025548,0.725447,321.420929,310.58609,35,68.878319
3.250937,0.01807,0.687459,-0.025446,0.725551,321.420929,310.58609,35,68.878319
3.263517,0.01806,0.687357,-0.025395,0.72565,321.394196,310.559357,35,68.878319
3.271419,0.017901,0.686859,-0.025361,0.726126,321.394196,310.559357,35,68.878319
3.281194,0.017747,0.686431,-0.025315,0.726536,321.394196,310.559357,35,68.878319
3.290969,0.017597,0.685988,-0.0253,0.726958,321.365051,310.530212,35,68.878319
3.301205,0.01747,0.685535,-0.025297,0.727388,321.365051,310.530212,35,68.878319
3.311189,0.017362,0.685052,-0.025268,0.727847,321.334229,310.49939,35,68.878319
3.321088,0.01733,0.684516,-0.025182,0.728355,321.334229,310.49939,35,68.878319
3.332507,0.017348,0.684229,-0.025112,0.728627,321.334229,310.49939,35,68.878319
3.341531,0.017428,0.683534,-0.024911,0.729284,321.310486,310.475647,35,68.878319
3.351526,0.017446,0.683143,-0.024838,0.729652,321.310486,310.475647,35,68.878319
3.361271,0.017435,0.682849,-0.024833,0.729928,321.298035,310.463196,35,68.878319
3.371405,0.017375,0.682668,-0.024878,0.730097,321.298035,310.463196,35,68.878319
3.381295,0.017278,0.682548,-0.024971,0.730208,321.298035,310.463196,35,68.878319
3.391192,0.017232,0.682503,-0.025026,0.730249,321.296143,310.461304,35,68.878319
3.403309,0.017162,0.682471,-0.025092,0.730278,321.296143,310.461304,35,68.878319
3.411247,0.017088,0.682477,-0.025141,0.730273,321.297577,310.462738,35,68.878319
3.421371,0.017,0.682519,-0.02518,0.730234,321.297577,310.462738,35,68.878319
3.431416,0.016857,0.682673,-0.025287,0.73009,321.297577,310.462738,35,68.878319
3.44145,0.016791,0.682737,-0.025417,0.730027,321.290375,310.455536,35,68.878319
3.45128,0.016773,0.682761,-0.025479,0.730002,321.290375,310.455536,35,68.878319
3.461517,0.016706,0.682805,-0.025653,0.729957,321.307129,310.47229,35,68.878319
3.472242,0.016604,0.682877,-0.025843,0.729886,321.307129,310.47229,35,68.878319
3.481506,0.016503,0.683012,-0.026007,0.729756,321.307129,310.47229,35,68.878319
3.494415,0.01646,0.683227,-0.026098,0.729552,321.32489,310.490051,35,68.878319
3.501669,0.016499,0.68355,-0.026099,0.729248,321.32489,310.490051,35,68.878319
3.511598,0.016584,0.683935,-0.026035,0.728888,321.331879,310.49704,35,68.878319
3.521639,0.016661,0.684204,-0.025986,0.728635,321.331879,310.49704,35,68.878319
3.531894,0.016761,0.684281,-0.025972,0.728561,321.331879,310.49704,35,68.878319
3.542038,0.016874,0.684198,-0.025983,0.728636,321.341736,310.506897,35,68.878319
3.551699,0.016982,0.683965,-0.026086,0.728849,321.341736,310.506897,35,68.878319
3.563929,0.017098,0.683579,-0.026274,0.729201,321.38382,310.548981,35,68.878319
3.571641,0.01721,0.683041,-0.026511,0.729694,321.38382,310.548981,35,68.878319
3.581666,0.017327,0.682361,-0.026775,0.730317,321.38382,310.548981,35,68.878319
3.591714,0.017474,0.681526,-0.027019,0.731084,321.460114,310.625275,35,68.878319
3.601579,0.017701,0.680444,-0.027234,0.732079,321.460114,310.625275,35,68.878319
3.611808,0.018029,0.679047,-0.02742,0.73336,321.552551,310.717712,35,68.878319
3.62169,0.018453,0.677287,-0.02758,0.734968,321.552551,310.717712,35,68.878319
3.634676,0.018915,0.67521,-0.027711,0.736861,321.552551,310.717712,35,68.878319
3.640875,0.019376,0.672815,-0.02778,0.739033,321.671326,310.836487,35,68.878319
3.650932,0.019839,0.670098,-0.027816,0.741484,321.671326,310.836487,35,68.878319
3.661897,0.020328,0.66698,-0.02778,0.744279,321.671326,310.836487,35,68.878319
3.671796,0.020916,0.663322,-0.027707,0.747527,321.770966,310.936127,35,68.878319
3.681807,0.021665,0.659003,-0.027644,0.751318,321.770966,310.936127,35,68.878319
3.691106,0.022511,0.654136,-0.027545,0.755539,321.887451,311.052612,35,68.878319
3.7229,0.025171,0.633643,-0.027259,0.772734,321.887451,311.052612,35,68.878319
3.731109,0.025489,0.630318,-0.027261,0.775438,321.887451,311.052612,35,68.878319
3.741132,0.026144,0.623559,-0.027265,0.780862,322.134827,311.299988,35,68.878319
3.751178,0.026947,0.616546,-0.027377,0.78638,322.134827,311.299988,35,68.878319
3.761182,0.027912,0.609408,-0.027534,0.791886,322.287628,311.452789,35,68.878319
3.772342,0.029537,0.598794,-0.027731,0.799877,322.287628,311.452789,35,68.878319
3.781025,0.030092,0.595276,-0.027743,0.802477,322.287628,311.452789,35,68.878319
3.791256,0.031169,0.58826,-0.027763,0.807593,322.48233,311.647491,35,68.878319
3.800936,0.032273,0.581191,-0.027767,0.812651,322.48233,311.647491,35,68.878319
3.81115,0.033441,0.574042,-0.027699,0.817673,322.642365,311.807526,35,68.878319
3.821221,0.034616,0.566859,-0.027714,0.822619,322.642365,311.807526,35,68.878319
3.831088,0.035776,0.559719,-0.027715,0.827444,322.642365,311.807526,35,68.878319
3.841255,0.036935,0.552718,-0.027781,0.832084,322.803467,311.968628,35,68.878319
3.851082,0.038115,0.545875,-0.027911,0.836532,322.803467,311.968628,35,68.878319
3.861177,0.039336,0.539106,-0.027927,0.840854,322.975922,312.141083,35,68.878319
3.871091,0.040653,0.532453,-0.027824,0.845024,322.975922,312.141083,35,68.878319
3.880966,0.042088,0.525952,-0.027861,0.849014,322.975922,312.141083,35,68.878319
3.890561,0.043504,0.519407,-0.027821,0.852964,323.133392,312.298553,35,68.878319
3.901127,0.044789,0.512641,-0.027878,0.85698,323.133392,312.298553,35,68.878319
3.91107,0.046048,0.505188,-0.028203,0.861317,323.300476,312.465637,35,68.878319
3.921064,0.047212,0.497235,-0.028635,0.865856,323.300476,312.465637,35,68.878319
3.930958,0.048193,0.48885,-0.02917,0.870546,323.300476,312.465637,35,68.878319
3.941093,0.048947,0.480004,-0.029866,0.875389,323.502228,312.667389,35,68.878319
3.95043,0.049485,0.470684,-0.030865,0.880371,323.502228,312.667389,35,68.878319
3.961107,0.049947,0.461541,-0.031681,0.885144,323.502228,312.667389,35,68.878319
3.971098,0.050387,0.452667,-0.032209,0.889671,323.717957,312.883118,35,68.878319
3.981852,0.050778,0.44364,-0.03261,0.89417,323.717957,312.883118,35,68.878319
3.991228,0.051563,0.434421,-0.033265,0.898616,323.815094,312.980255,35,68.878319
4.0012,0.052579,0.424979,-0.033971,0.903035,323.815094,312.980255,35,68.878319
4.011167,0.053571,0.415258,-0.034677,0.907462,324.015625,313.180786,35,68.878319
4.021051,0.054376,0.405316,-0.035403,0.91187,324.015625,313.180786,35,68.878319
4.031376,0.055024,0.394884,-0.036165,0.916367,324.015625,313.180786,35,68.878319
4.041242,0.055416,0.383641,-0.03708,0.921071,324.189392,313.354553,35,68.878319
4.051364,0.055493,0.371149,-0.038199,0.926125,324.189392,313.354553,35,68.878319
4.061194,0.055437,0.358,-0.039461,0.931238,324.189392,313.354553,35,68.878319
4.071226,0.055475,0.344977,-0.040707,0.936085,324.356201,313.521362,35,68.878319
4.08045,0.05539,0.332309,-0.041833,0.940612,324.356201,313.521362,35,68.878319
4.091189,0.054956,0.32013,-0.043062,0.944797,324.525635,313.690796,35,68.878319
4.100795,0.054236,0.308419,-0.044345,0.948666,324.525635,313.690796,35,68.878319
4.111181,0.053495,0.297214,-0.045441,0.952226,324.667236,313.832397,35,68.878319
4.120494,0.052879,0.286085,-0.046396,0.955618,324.667236,313.832397,35,68.878319
4.131632,0.052297,0.274873,-0.04736,0.958887,324.667236,313.832397,35,68.878319
4.141279,0.051461,0.263748,-0.048375,0.962002,324.7565,313.921661,35,68.878319
4.150929,0.050445,0.252784,-0.049344,0.964945,324.7565,313.921661,35,68.878319
4.161229,0.049196,0.241528,-0.050204,0.967844,324.822388,313.987549,35,68.878319
4.171292,0.047791,0.229622,-0.051065,0.970763,324.822388,313.987549,35,68.878319
4.181199,0.046276,0.216989,-0.051993,0.973688,324.822388,313.987549,35,68.878319
4.191097,0.044593,0.204,-0.053064,0.976513,324.850098,314.015259,35,68.878319
4.201131,0.042677,0.190927,-0.05433,0.979169,324.850098,314.015259,35,68.878319
4.211154,0.040607,0.178073,-0.055732,0.981597,324.968506,314.133667,35,68.878319
4.221229,0.038433,0.165462,-0.057166,0.983807,324.968506,314.133667,35,68.878319
4.231385,0.036257,0.153129,-0.05861,0.985799,324.968506,314.133667,35,68.878319
4.241174,0.034104,0.140846,-0.059936,0.987626,325.164215,314.329376,35,68.878319
4.250934,0.032024,0.128413,-0.061094,0.989318,325.164215,314.329376,35,68.878319
4.26109,0.030123,0.115595,-0.062083,0.990896,325.164215,314.329376,35,68.878319
4.271299,0.028517,0.10236,-0.062877,0.992348,325.323914,314.489075,35,68.878319
4.290493,0.027178,0.088988,-0.063542,0.993631,325.323914,314.489075,35,68.878319
4.301015,0.024575,0.06279,-0.064484,0.995637,325.405304,314.570465,35,68.878319
4.311059,0.023204,0.05011,-0.064954,0.996358,325.432404,314.597565,35,68.878319
4.320827,0.021662,0.037753,-0.065492,0.996902,325.432404,314.597565,35,68.878319
4.331101,0.020002,0.025818,-0.066052,0.997281,325.432404,314.597565,35,68.878319
4.341124,0.018309,0.014413,-0.066558,0.99751,325.500854,314.666016,35,68.878319
4.350896,0.016438,0.003484,-0.067057,0.997607,325.500854,314.666016,35,68.878319
4.360983,0.014467,-0.00692,-0.06741,0.997596,325.574249,314.73941,35,68.878319
4.371057,0.012518,-0.016447,-0.067572,0.997499,325.574249,314.73941,35,68.878319
4.380968,0.010842,-0.024585,-0.067445,0.99736,325.574249,314.73941,35,68.878319
4.391161,0.009404,-0.031138,-0.066937,0.997226,325.552612,314.717773,35,68.878319
4.401234,0.008101,-0.035887,-0.066055,0.997136,325.552612,314.717773,35,68.878319
4.411224,0.006997,-0.038331,-0.065004,0.997123,325.312714,314.477875,35,68.878319
4.421178,0.006136,-0.039222,-0.06391,0.997165,325.312714,314.477875,35,68.878319
4.430907,0.005405,-0.039256,-0.062897,0.997232,325.312714,314.477875,35,68.878319
4.441165,0.004884,-0.038998,-0.061936,0.997305,325.01828,314.183441,35,68.878319
4.450336,0.004777,-0.0388,-0.061452,0.997343,325.01828,314.183441,35,68.878319
4.460407,0.004877,-0.038247,-0.060413,0.997427,324.733795,313.898956,35,68.878319
4.471234,0.005469,-0.037034,-0.058875,0.997562,324.733795,313.898956,35,68.878319
4.480903,0.005956,-0.035903,-0.057921,0.997656,324.733795,313.898956,35,68.878319
4.491035,0.006442,-0.03452,-0.057004,0.997755,324.448059,313.61322,35,68.878319
4.501202,0.006915,-0.033013,-0.056169,0.99785,324.448059,313.61322,35,68.878319
4.511222,0.007269,-0.031531,-0.055484,0.997934,324.211273,313.376434,35,68.878319
4.521206,0.007478,-0.030217,-0.054988,0.998001,324.211273,313.376434,35,68.878319
4.530954,0.007615,-0.029269,-0.054646,0.998047,324.211273,313.376434,35,68.878319
4.541253,0.007722,-0.028796,-0.054417,0.998072,324.088989,313.25415,35,68.878319
4.55047,0.007786,-0.028734,-0.054333,0.998078,324.088989,313.25415,35,68.878319
4.561135,0.007774,-0.028635,-0.054195,0.998088,324.040833,313.205994,35,68.878319
4.571217,0.007637,-0.028599,-0.053988,0.998102,324.040833,313.205994,35,68.878319
4.580951,0.007596,-0.028541,-0.053791,0.998114,324.040833,313.205994,35,68.878319
4.590868,0.007716,-0.02819,-0.053535,0.998137,323.992279,313.15744,35,68.878319
4.601035,0.007954,-0.027594,-0.053214,0.998169,323.992279,313.15744,35,68.878319
4.611326,0.00829,-0.026865,-0.052847,0.998206,323.902527,313.067688,35,68.878319
4.621075,0.00871,-0.026112,-0.052453,0.998243,323.902527,313.067688,35,68.878319
4.631524,0.009178,-0.025393,-0.052039,0.998279,323.902527,313.067688,35,68.878319
4.640928,0.009404,-0.025077,-0.051839,0.998295,323.787292,312.952454,35,68.878319
4.650887,0.009839,-0.024311,-0.051464,0.99833,323.787292,312.952454,35,68.878319
4.661168,0.01071,-0.022855,-0.051137,0.998372,323.695435,312.860596,35,68.878319
4.671269,0.011074,-0.022029,-0.05114,0.998386,323.695435,312.860596,35,68.878319
4.681283,0.011744,-0.019612,-0.05129,0.998421,323.695435,312.860596,35,68.878319
4.691401,0.012905,-0.015398,-0.051515,0.998469,323.695435,312.860596,35,68.878319
4.701873,0.013355,-0.014008,-0.0515,0.998485,323.730347,312.895508,35,68.878319
4.711381,0.015185,-0.010073,-0.051141,0.998524,323.730347,312.895508,35,68.878319
4.72132,0.015825,-0.009104,-0.0509,0.998536,323.718811,312.883972,35,68.878319
4.731029,0.017235,-0.007616,-0.050281,0.998556,323.718811,312.883972,35,68.878319
4.741007,0.018566,-0.006904,-0.049611,0.998571,323.556641,312.721802,35,68.878319
4.751101,0.01965,-0.006804,-0.049087,0.998577,323.556641,312.721802,35,68.878319
4.761133,0.020345,-0.006812,-0.048702,0.998582,323.423004,312.588165,35,68.878319
4.771652,0.020879,-0.006433,-0.048431,0.998587,323.423004,312.588165,35,68.878319
4.781292,0.021266,-0.00614,-0.048253,0.998589,323.423004,312.588165,35,68.878319
4.791248,0.021595,-0.00614,-0.048211,0.998584,323.375092,312.540253,35,68.878319
4.801172,0.02196,-0.006305,-0.048285,0.998571,323.375092,312.540253,35,68.878319
4.811449,0.022367,-0.006497,-0.048448,0.998553,323.405426,312.570587,35,68.878319
4.821447,0.022712,-0.00655,-0.048639,0.998536,323.405426,312.570587,35,68.878319
4.831358,0.022652,-0.006796,-0.048892,0.998523,323.405426,312.570587,35,68.878319
4.841343,0.022173,-0.007274,-0.049252,0.998513,323.478088,312.64325,35,68.878319
4.851029,0.021072,-0.007548,-0.049872,0.998504,323.478088,312.64325,35,68.878319
4.86131,0.018985,-0.00816,-0.05103,0.998483,323.726196,312.891357,35,68.878319
4.871608,0.016234,-0.009155,-0.052486,0.998447,323.726196,312.891357,35,68.878319
4.881641,0.013237,-0.010536,-0.053945,0.9984,323.726196,312.891357,35,68.878319
4.891412,0.01036,-0.01223,-0.055141,0.998349,323.726196,312.891357,35,68.878319
4.900485,0.008005,-0.013869,-0.055886,0.998308,324.131104,313.296265,35,68.878319
4.911221,0.006322,-0.015181,-0.05615,0.998286,324.285767,313.450928,35,68.878319
4.921692,0.005343,-0.016292,-0.055955,0.998285,324.285767,313.450928,35,68.878319
4.934587,0.005023,-0.017071,-0.055379,0.998306,324.285767,313.450928,35,68.878319
4.940697,0.005112,-0.017494,-0.054538,0.998345,324.285767,313.450928,35,68.878319
4.951035,0.005492,-0.017728,-0.053604,0.998389,324.132385,313.297546,35,68.878319
4.961274,0.005821,-0.017638,-0.052788,0.998432,324.132385,313.297546,35,68.878319
4.971211,0.005634,-0.017171,-0.052299,0.998467,323.88504,313.050201,35,68.878319
4.981188,0.004731,-0.01625,-0.052301,0.998487,323.88504,313.050201,35,68.878319
4.991159,0.003232,-0.014959,-0.052782,0.998488,323.883118,313.048279,35,68.878319
5.000997,0.001536,-0.013593,-0.053523,0.998472,323.883118,313.048279,35,68.878319
5.011158,0.000062,-0.012143,-0.054248,0.998453,324.092407,313.257568,35,68.878319
5.021144,-0.000953,-0.011245,-0.054695,0.998439,324.092407,313.257568,35,68.878319
5.031103,-0.001529,-0.011422,-0.054777,0.998432,324.092407,313.257568,35,68.878319
5.041588,-0.001788,-0.012384,-0.054585,0.99843,324.092407,313.257568,35,68.878319
5.051194,-0.001918,-0.013206,-0.054293,0.998435,324.128845,313.294006,35,68.878319
5.061106,-0.002082,-0.01335,-0.054045,0.998447,324.054932,313.220093,35,68.878319
5.073374,-0.00236,-0.013109,-0.053919,0.998456,324.054932,313.220093,35,68.878319
5.080954,-0.002846,-0.01293,-0.053947,0.998456,324.054932,313.220093,35,68.878319
5.091217,-0.003496,-0.012796,-0.054159,0.998444,324.065216,313.230377,35,68.878319
5.101183,-0.004196,-0.012615,-0.054517,0.998424,324.065216,313.230377,35,68.878319
5.111128,-0.004879,-0.012295,-0.054975,0.9984,324.065216,313.230377,35,68.878319
5.1217,-0.005541,-0.01166,-0.05547,0.998377,324.18161,313.346771,35,68.878319
5.131148,-0.006094,-0.010865,-0.055915,0.998358,324.18161,313.346771,35,68.878319
5.144064,-0.006463,-0.009906,-0.056236,0.998347,324.18161,313.346771,35,68.878319
5.150874,-0.006587,-0.008956,-0.056482,0.998342,324.305786,313.470947,35,68.878319
5.161074,-0.006577,-0.008142,-0.056719,0.998335,324.376526,313.541687,35,68.878319
5.171217,-0.006499,-0.007434,-0.057023,0.998324,324.376526,313.541687,35,68.878319
5.180881,-0.006443,-0.00673,-0.057394,0.998308,324.376526,313.541687,35,68.878319
5.191171,-0.006472,-0.005991,-0.057753,0.998292,324.476105,313.641266,35,68.878319
5.201139,-0.00648,-0.005328,-0.058029,0.998279,324.476105,313.641266,35,68.878319
5.211221,-0.006326,-0.004821,-0.058181,0.998274,324.476105,313.641266,35,68.878319
5.221197,-0.006069,-0.00473,-0.058221,0.998274,324.538055,313.703217,35,68.878319
5.23106,-0.00582,-0.004997,-0.058129,0.998279,324.538055,313.703217,35,68.878319
5.241201,-0.005666,-0.005296,-0.057943,0.99829,324.516235,313.681396,35,68.878319
5.251103,-0.005697,-0.005287,-0.057761,0.9983,324.516235,313.681396,35,68.878319
5.261089,-0.005882,-0.004999,-0.057665,0.998306,324.516235,313.681396,35,68.878319
5.27096,-0.006227,-0.004751,-0.05768,0.998304,324.475159,313.64032,35,68.878319
5.281062,-0.006624,-0.004592,-0.057765,0.998298,324.475159,313.64032,35,68.878319
5.291157,-0.007027,-0.004395,-0.057895,0.998288,324.497772,313.662933,35,68.878319
5.30105,-0.007352,-0.004038,-0.057997,0.998281,324.497772,313.662933,35,68.878319
5.311141,-0.007479,-0.003523,-0.058003,0.998282,324.497772,313.662933,35,68.878319
5.321141,-0.00746,-0.00307,-0.057914,0.998289,324.51297,313.678131,35,68.878319
5.331239,-0.007432,-0.002753,-0.057825,0.998295,324.51297,313.678131,35,68.878319
5.341483,-0.007454,-0.002545,-0.057789,0.998298,324.51297,313.678131,35,68.878319
5.35325,-0.007508,-0.00243,-0.057796,0.998297,324.490295,313.655457,35,68.878319
5.361012,-0.007501,-0.002409,-0.057761,0.998299,324.490295,313.655457,35,68.878319
5.371147,-0.007435,-0.002513,-0.05764,0.998306,324.484528,313.649689,35,68.878319
5.380918,-0.007387,-0.002756,-0.057439,0.998318,324.484528,313.649689,35,68.878319
5.391445,-0.00745,-0.003016,-0.057237,0.998328,324.484528,313.649689,35,68.878319
5.400927,-0.007643,-0.003113,-0.057087,0.998335,324.433319,313.59848,35,68.878319
5.411462,-0.007912,-0.003073,-0.057027,0.998336,324.433319,313.59848,35,68.878319
5.422108,-0.008184,-0.002975,-0.057048,0.998333,324.403259,313.56842,35,68.878319
5.43164,-0.008445,-0.0029,-0.057124,0.998327,324.403259,313.56842,35,68.878319
5.441217,-0.008732,-0.002814,-0.057209,0.99832,324.403259,313.56842,35,68.878319
5.451356,-0.009034,-0.00258,-0.057248,0.998316,324.420776,313.585938,35,68.878319
5.461415,-0.009314,-0.002151,-0.057246,0.998314,324.420776,313.585938,35,68.878319
5.471262,-0.009482,-0.001479,-0.057229,0.998315,324.420776,313.585938,35,68.878319
5.481145,-0.009496,-0.000756,-0.057236,0.998315,324.425964,313.591125,35,68.878319
5.491516,-0.009442,-0.00033,-0.057248,0.998315,324.425964,313.591125,35,68.878319
5.501123,-0.009398,-0.000214,-0.057187,0.998319,324.42514,313.590302,35,68.878319
5.511068,-0.009414,-0.000318,-0.057042,0.998327,324.42514,313.590302,35,68.878319
5.521059,-0.009544,-0.000592,-0.056854,0.998337,324.397766,313.562927,35,68.878319
5.5311,-0.009812,-0.000895,-0.056701,0.998343,324.397766,313.562927,35,68.878319
5.54106,-0.010202,-0.001056,-0.056616,0.998343,324.397766,313.562927,35,68.878319
5.550978,-0.010705,-0.001159,-0.056609,0.998338,324.356415,313.521576,35,68.878319
5.561297,-0.011215,-0.00126,-0.05669,0.998328,324.356415,313.521576,35,68.878319
5.571369,-0.01164,-0.001292,-0.056826,0.998315,324.365814,313.530975,35,68.878319
5.580927,-0.011909,-0.001195,-0.056954,0.998305,324.365814,313.530975,35,68.878319
5.591218,-0.012096,-0.001049,-0.057051,0.998297,324.402161,313.567322,35,68.878319
5.601027,-0.012358,-0.000955,-0.057118,0.998291,324.402161,313.567322,35,68.878319
5.610861,-0.012764,-0.000881,-0.057174,0.998282,324.402161,313.567322,35,68.878319
5.621195,-0.013286,-0.001299,-0.057198,0.998274,324.421082,313.586243,35,68.878319
5.631153,-0.014077,-0.005577,-0.057321,0.998241,324.421082,313.586243,35,68.878319
5.641458,-0.015316,-0.01085,-0.057623,0.998162,324.472229,313.63739,35,68.878319
5.65085,-0.017241,-0.014775,-0.058217,0.998046,324.472229,313.63739,35,68.878319
5.660854,-0.019699,-0.017091,-0.05901,0.997917,324.472229,313.63739,35,68.878319
5.671024,-0.022311,-0.018593,-0.059852,0.997784,324.690155,313.855316,35,68.878319
5.68105,-0.02481,-0.019854,-0.060608,0.997656,324.690155,313.855316,35,68.878319
5.691083,-0.027051,-0.021288,-0.061142,0.997535,324.690155,313.855316,35,68.878319
5.701201,-0.029003,-0.023172,-0.061396,0.997423,324.92572,314.090881,35,68.878319
5.711062,-0.030828,-0.025257,-0.061338,0.997321,324.92572,314.090881,35,68.878319
5.721118,-0.032704,-0.027231,-0.061043,0.997227,324.989075,314.154236,35,68.878319
5.731052,-0.034741,-0.028856,-0.06066,0.997136,324.989075,314.154236,35,68.878319
5.741159,-0.036961,-0.029937,-0.060399,0.99704,324.989075,314.154236,35,68.878319
5.75114,-0.039415,-0.030617,-0.060415,0.996925,324.926208,314.09137,35,68.878319
5.761167,-0.042097,-0.031137,-0.060718,0.99678,324.926208,314.09137,35,68.878319
5.771269,-0.045045,-0.0312,-0.061218,0.996619,325.001251,314.166412,35,68.878319
5.781129,-0.048402,-0.031055,-0.061721,0.996435,325.001251,314.166412,35,68.878319
5.791094,-0.052232,-0.031013,-0.061952,0.996229,325.001251,314.166412,35,68.878319
5.801143,-0.056629,-0.029005,-0.061957,0.996048,325.168121,314.333282,35,68.878319
5.811372,-0.061818,-0.025755,-0.061821,0.995838,325.168121,314.333282,35,68.878319
5.821188,-0.067745,-0.023006,-0.061567,0.995535,325.167419,314.332581,35,68.878319
5.831123,-0.074439,-0.021524,-0.06126,0.995109,325.167419,314.332581,35,68.878319
5.841379,-0.082019,-0.020645,-0.06108,0.994542,325.167419,314.332581,35,68.878319
5.851305,-0.090352,-0.019634,-0.061177,0.993835,325.127991,314.293152,35,68.878319
5.861282,-0.098995,-0.018993,-0.061575,0.992999,325.127991,314.293152,35,68.878319
5.871206,-0.10775,-0.018702,-0.062281,0.992048,325.266052,314.431213,35,68.878319
5.881211,-0.116842,-0.018544,-0.063009,0.990975,325.266052,314.431213,35,68.878319
5.89151,-0.126398,-0.018404,-0.06354,0.989771,325.571869,314.73703,35,68.878319
5.900907,-0.136696,-0.01717,-0.063935,0.988398,325.571869,314.73703,35,68.878319
5.911106,-0.147549,-0.015572,-0.064211,0.986845,325.571869,314.73703,35,68.878319
5.921013,-0.158669,-0.013615,-0.064531,0.985126,325.760925,314.926086,35,68.878319
5.930208,-0.170094,-0.011646,-0.065129,0.983204,325.760925,314.926086,35,68.878319
5.941965,-0.181546,-0.009914,-0.066018,0.981113,325.760925,314.926086,35,68.878319
5.951072,-0.193296,-0.008806,-0.066876,0.978818,326.007935,315.173096,35,68.878319
5.960369,-0.205974,-0.008869,-0.067434,0.97619,326.007935,315.173096,35,68.878319
5.971215,-0.21951,-0.009543,-0.067763,0.973206,326.389038,315.554199,35,68.878319
5.980902,-0.23327,-0.009578,-0.06845,0.969952,326.389038,315.554199,35,68.878319
5.991185,-0.246685,-0.008445,-0.069694,0.966549,326.389038,315.554199,35,68.878319
6.002163,-0.259667,-0.006717,-0.071158,0.963049,326.877991,316.043152,35,68.878319
6.011525,-0.272178,-0.005483,-0.072367,0.959505,326.877991,316.043152,35,68.878319
6.021511,-0.284148,-0.004802,-0.073228,0.955967,327.480804,316.645966,35,68.878319
6.031058,-0.295728,-0.004033,-0.073984,0.952393,327.480804,316.645966,35,68.878319
6.041325,-0.307016,-0.003107,-0.074696,0.948763,327.480804,316.645966,35,68.878319
6.051218,-0.318436,-0.002267,-0.07527,0.944948,327.480804,316.645966,35,68.878319
6.060997,-0.330202,-0.001382,-0.075754,0.940864,327.986023,317.151184,35,68.878319
6.072331,-0.342365,-0.000401,-0.076415,0.936454,328.453979,317.619141,35,68.878319
6.0809,-0.355126,0.00072,-0.077594,0.931591,328.453979,317.619141,35,68.878319
6.091105,-0.368313,0.001339,-0.079347,0.926308,328.453979,317.619141,35,68.878319
6.100702,-0.381763,0.001414,-0.081609,0.920649,329.245453,318.410614,35,68.878319
6.111257,-0.395683,0.000779,-0.084068,0.91453,329.245453,318.410614,35,68.878319
6.121415,-0.409977,-0.00031,-0.086647,0.90797,143.22438,132.389557,35,68.878319
6.131143,-0.424286,-0.00114,-0.089428,0.9011,143.22438,132.389557,35,68.878319
6.141337,-0.43825,-0.001645,-0.092175,0.894112,143.22438,132.389557,35,68.878319
6.151127,-0.451759,-0.00183,-0.094722,0.887094,143.472824,132.638,35,68.878319
6.161131,-0.46478,-0.00196,-0.096942,0.8801,143.472824,132.638,35,68.878319
6.17123,-0.477209,-0.002472,-0.098602,0.873236,143.472824,132.638,35,68.878319
6.181077,-0.489094,-0.003515,-0.099708,0.866505,143.924438,133.089615,35,68.878319
6.19105,-0.500541,-0.004739,-0.10012,0.85989,143.924438,133.089615,35,68.878319
6.200966,-0.511643,-0.006247,-0.100292,0.8533,143.969849,133.135025,35,68.878319
6.21112,-0.522909,-0.008183,-0.100446,0.846409,143.969849,133.135025,35,68.878319
6.221004,-0.534696,-0.010339,-0.100303,0.839005,143.697266,132.862442,35,68.878319
6.230904,-0.547166,-0.01278,-0.099901,0.830941,143.697266,132.862442,35,68.878319
6.241042,-0.560215,-0.014872,-0.099928,0.822161,143.697266,132.862442,35,68.878319
6.251103,-0.573549,-0.016338,-0.100769,0.812784,143.280899,132.446075,35,68.878319
6.261121,-0.586886,-0.017781,-0.102004,0.80302,143.280899,132.446075,35,68.878319
6.27101,-0.599764,-0.019501,-0.10309,0.793267,143.371872,132.537048,35,68.878319
6.281399,-0.611874,-0.021327,-0.103656,0.783842,143.371872,132.537048,35,68.878319
6.291027,-0.622982,-0.022976,-0.10366,0.774995,143.371872,132.537048,35,68.878319
6.301232,-0.633061,-0.024117,-0.103078,0.766828,143.375809,132.540985,35,68.878319
6.310971,-0.642126,-0.0245,-0.102183,0.759361,143.375809,132.540985,35,68.878319
6.321094,-0.650295,-0.024094,-0.100951,0.752557,143.345093,132.510269,35,68.878319
6.331166,-0.657855,-0.023223,-0.099381,0.746196,143.345093,132.510269,35,68.878319
6.341408,-0.664867,-0.022635,-0.097783,0.740186,143.345093,132.510269,35,68.878319
6.351562,-0.668262,-0.022515,-0.096731,0.737265,143.440094,132.60527,35,68.878319
6.361046,-0.678268,-0.023281,-0.092219,0.728632,143.440094,132.60527,35,68.878319
6.373479,-0.684905,-0.024404,-0.088529,0.722821,143.048569,132.213745,35,68.878319
6.381045,-0.691419,-0.025163,-0.085187,0.716971,143.048569,132.213745,35,68.878319
6.391192,-0.697488,-0.025012,-0.082674,0.71137,143.048569,132.213745,35,68.878319
6.401079,-0.702969,-0.024012,-0.080716,0.706215,142.455124,131.6203,35,68.878319
6.411031,-0.707958,-0.02236,-0.079042,0.70146,142.455124,131.6203,35,68.878319
6.421951,-0.712407,-0.020095,-0.077771,0.697152,142.497589,131.662766,35,68.878319
6.431476,-0.716264,-0.01735,-0.076979,0.693352,142.497589,131.662766,35,68.878319
6.443635,-0.719639,-0.014241,-0.076628,0.689958,142.497589,131.662766,35,68.878319
6.451471,-0.722526,-0.010864,-0.076553,0.687005,142.980072,132.145248,35,68.878319
6.460857,-0.723826,-0.009131,-0.07645,0.685672,142.980072,132.145248,35,68.878319
6.471357,-0.727226,-0.004059,-0.075647,0.682204,143.676849,132.842026,35,68.878319
6.481054,-0.729043,-0.00069,-0.074862,0.680359,143.676849,132.842026,35,68.878319
6.491149,-0.730619,0.002554,-0.073951,0.678762,143.676849,132.842026,35,68.878319
6.501109,-0.731337,0.004104,-0.073497,0.67803,144.22139,133.386566,35,68.878319
6.511431,-0.732613,0.007101,-0.072704,0.676712,144.22139,133.386566,35,68.878319
6.520854,-0.733638,0.009879,-0.072057,0.675635,144.666733,133.831909,35,68.878319
6.530931,-0.734555,0.012322,-0.071443,0.674664,144.666733,133.831909,35,68.878319
6.541239,-0.736008,0.015359,-0.070603,0.673105,144.666733,133.831909,35,68.878319
6.55108,-0.736487,0.016342,-0.070435,0.672575,145.005066,134.170242,35,68.878319
6.560958,-0.737413,0.018318,-0.070359,0.671516,145.005066,134.170242,35,68.878319
6.571423,-0.738171,0.020371,-0.070581,0.6706,145.386566,134.551743,35,68.878319
6.58362,-0.738693,0.022567,-0.071103,0.669899,145.386566,134.551743,35,68.878319
6.591501,-0.738922,0.024899,-0.071866,0.669483,145.386566,134.551743,35,68.878319
6.601465,-0.738888,0.027208,-0.072659,0.669345,145.963669,135.128845,35,68.878319
6.611683,-0.738717,0.029398,-0.073331,0.669368,145.963669,135.128845,35,68.878319
6.62163,-0.738457,0.031428,-0.073864,0.669504,146.52977,135.694946,35,68.878319
6.631649,-0.738154,0.033186,-0.074238,0.669711,146.52977,135.694946,35,68.878319
6.641692,-0.737826,0.0346,-0.074393,0.669984,146.52977,135.694946,35,68.878319
6.653477,-0.737457,0.035703,-0.074388,0.670333,146.896103,136.061279,35,68.878319
6.661833,-0.736992,0.036626,-0.074342,0.670799,146.896103,136.061279,35,68.878319
6.677545,-0.736374,0.037452,-0.074309,0.671436,147.067795,136.232971,35,68.878319
6.680273,-0.735716,0.038143,-0.074342,0.672115,147.067795,136.232971,35,68.878319
6.691413,-0.735202,0.038647,-0.074502,0.67263,147.067795,136.232971,35,68.878319
6.701821,-0.734912,0.038952,-0.074824,0.672893,147.198776,136.363953,35,68.878319
6.711026,-0.73483,0.039076,-0.075361,0.672915,147.198776,136.363953,35,68.878319
6.722344,-0.734836,0.039015,-0.075934,0.672848,147.326324,136.491501,35,68.878319
6.730873,-0.734718,0.03885,-0.076358,0.672939,147.326324,136.491501,35,68.878319
6.741102,-0.734276,0.038841,-0.07665,0.673389,147.326324,136.491501,35,68.878319
6.751004,-0.733446,0.039153,-0.076891,0.674247,147.387161,136.552338,35,68.878319
6.761102,-0.732353,0.039639,-0.077018,0.675392,147.387161,136.552338,35,68.878319
6.771221,-0.73128,0.040002,-0.077002,0.676533,147.478836,136.644012,35,68.878319
6.781112,-0.730467,0.040184,-0.076985,0.677402,147.478836,136.644012,35,68.878319
6.791183,-0.73002,0.04021,-0.077117,0.677867,147.478836,136.644012,35,68.878319
6.800459,-0.729933,0.040152,-0.077428,0.677929,147.504532,136.669708,35,68.878319
6.812018,-0.730034,0.040119,-0.077923,0.677765,147.504532,136.669708,35,68.878319
6.8221,-0.730132,0.040158,-0.078509,0.67759,147.600113,136.765289,35,68.878319
6.830997,-0.730161,0.040165,-0.078982,0.677503,147.600113,136.765289,35,68.878319
6.841174,-0.730132,0.040035,-0.079247,0.677511,147.600113,136.765289,35,68.878319
6.850859,-0.730055,0.039791,-0.079343,0.677597,147.667572,136.832748,35,68.878319
6.862251,-0.729942,0.039485,-0.079382,0.677733,147.667572,136.832748,35,68.878319
6.871356,-0.729787,0.039138,-0.079342,0.677925,147.615891,136.781067,35,68.878319
6.880308,-0.729623,0.038738,-0.079255,0.678134,147.615891,136.781067,35,68.878319
6.891178,-0.729492,0.038363,-0.079222,0.6783,147.615891,136.781067,35,68.878319
6.901465,-0.729473,0.038003,-0.079211,0.678342,147.527451,136.692627,35,68.878319
6.911239,-0.729551,0.037507,-0.079118,0.678296,147.527451,136.692627,35,68.878319
6.921194,-0.729692,0.036855,-0.078989,0.678196,147.414749,136.579926,35,68.878319
6.93118,-0.729831,0.036003,-0.078876,0.678106,147.414749,136.579926,35,68.878319
6.941048,-0.730003,0.0349,-0.07871,0.677997,147.414749,136.579926,35,68.878319
6.950953,-0.730306,0.033661,-0.078549,0.677752,147.19873,136.363907,35,68.878319
6.961375,-0.730699,0.032442,-0.078499,0.677394,147.19873,136.363907,35,68.878319
6.971299,-0.731137,0.03134,-0.07851,0.676971,146.954224,136.1194,35,68.878319
6.981164,-0.731565,0.030399,-0.07855,0.676547,146.954224,136.1194,35,68.878319
6.991475,-0.731936,0.02962,-0.078646,0.67617,146.954224,136.1194,35,68.878319
7.001287,-0.732201,0.029025,-0.078832,0.675887,146.806473,135.971649,35,68.878319
7.010949,-0.73231,0.028503,-0.078928,0.67578,146.806473,135.971649,35,68.878319
7.021103,-0.732243,0.028006,-0.078873,0.675879,146.722565,135.887741,35,68.878319
7.031541,-0.731978,0.027587,-0.078806,0.676191,146.722565,135.887741,35,68.878319
7.04138,-0.731566,0.027254,-0.078746,0.676657,146.722565,135.887741,35,68.878319
7.051197,-0.731062,0.027003,-0.078754,0.677211,146.722565,135.887741,35,68.878319
7.060846,-0.730451,0.026855,-0.078958,0.677851,146.628342,135.793518,35,68.878319
7.071182,-0.729707,0.026735,-0.079338,0.678613,146.623871,135.789047,35,68.878319
7.081117,-0.728812,0.026639,-0.079927,0.679509,146.623871,135.789047,35,68.878319
7.091322,-0.727818,0.026579,-0.080706,0.680485,146.623871,135.789047,35,68.878319
7.101047,-0.72663,0.026526,-0.081662,0.681641,146.730453,135.89563,35,68.878319
7.110468,-0.725189,0.026533,-0.082791,0.683038,146.730453,135.89563,35,68.878319
7.121831,-0.723429,0.026537,-0.084047,0.684748,146.933533,136.098709,35,68.878319
7.131249,-0.721299,0.026538,-0.085307,0.686836,146.933533,136.098709,35,68.878319
7.142137,-0.720037,0.026532,-0.085915,0.688084,146.933533,136.098709,35,68.878319
7.151113,-0.715095,0.026583,-0.087679,0.692995,146.933533,136.098709,35,68.878319
7.16086,-0.710873,0.026621,-0.088756,0.697188,147.146774,136.311951,35,68.878319
7.171137,-0.706102,0.026599,-0.089754,0.701893,147.299316,136.464493,35,68.878319
7.181152,-0.701184,0.02638,-0.090593,0.706708,147.299316,136.464493,35,68.878319
7.191164,-0.696568,0.025831,-0.091099,0.711213,147.299316,136.464493,35,68.878319
7.201001,-0.692305,0.024949,-0.091395,0.715358,147.273544,136.438721,35,68.878319
7.211056,-0.688256,0.023995,-0.091757,0.71924,147.273544,136.438721,35,68.878319
7.22116,-0.684306,0.022903,-0.092077,0.722994,147.06778,136.232956,35,68.878319
7.231039,-0.680362,0.021844,-0.092553,0.72668,147.06778,136.232956,35,68.878319
7.241226,-0.676163,0.020985,-0.093392,0.730507,147.06778,136.232956,35,68.878319
7.251123,-0.671404,0.020562,-0.094773,0.734718,146.930939,136.096115,35,68.878319
7.261166,-0.665965,0.020368,-0.096311,0.739459,146.930939,136.096115,35,68.878319
7.271252,-0.659781,0.020273,-0.097799,0.74479,147.084229,136.249405,35,68.878319
7.281151,-0.652969,0.020315,-0.099166,0.750589,147.084229,136.249405,35,68.878319
7.291691,-0.64568,0.020287,-0.100125,0.756742,147.084229,136.249405,35,68.878319
7.302398,-0.638092,0.019986,-0.100554,0.763103,147.19928,136.364456,35,68.878319
7.310983,-0.63022,0.019536,-0.100662,0.769615,147.19928,136.364456,35,68.878319
7.321402,-0.621985,0.019042,-0.100659,0.776298,147.19928,136.364456,35,68.878319
7.331163,-0.613467,0.018512,-0.10057,0.783071,147.034012,136.199188,35,68.878319
7.340917,-0.604622,0.017981,-0.100439,0.789949,147.034012,136.199188,35,68.878319
7.350825,-0.595346,0.017666,-0.100467,0.796967,146.797485,135.962662,35,68.878319
7.360932,-0.58566,0.017693,-0.100682,0.804084,146.797485,135.962662,35,68.878319
7.371587,-0.575726,0.018087,-0.101065,0.81117,146.753769,135.918945,35,68.878319
7.381093,-0.565414,0.018797,-0.101548,0.818315,146.753769,135.918945,35,68.878319
7.391097,-0.554724,0.019718,-0.102001,0.825523,146.753769,135.918945,35,68.878319
7.401252,-0.543806,0.020546,-0.102202,0.83271,146.962311,136.127487,35,68.878319
7.411184,-0.532744,0.021216,-0.102192,0.839815,146.962311,136.127487,35,68.878319
7.421298,-0.5215,0.021906,-0.102135,0.846833,146.962311,136.127487,35,68.878319
7.430935,-0.509942,0.022639,-0.10213,0.853823,147.123795,136.288971,35,68.878319
7.442886,-0.504013,0.023008,-0.10214,0.857326,147.123795,136.288971,35,68.878319
7.450995,-0.485147,0.02406,-0.102178,0.868108,147.341202,136.506378,35,68.878319
7.460878,-0.472062,0.024621,-0.102284,0.875265,147.341202,136.506378,35,68.878319
7.471434,-0.458934,0.025167,-0.102413,0.882188,147.586716,136.751892,35,68.878319
7.480926,-0.446206,0.025658,-0.102658,0.888652,147.586716,136.751892,35,68.878319
7.491155,-0.434128,0.025955,-0.102962,0.894571,147.586716,136.751892,35,68.878319
7.500623,-0.422696,0.025775,-0.103157,0.900011,147.862961,137.028137,35,68.878319
7.511156,-0.411914,0.025175,-0.103418,0.904984,147.862961,137.028137,35,68.878319
7.521456,-0.401678,0.02409,-0.10369,0.909572,147.828308,136.993484,35,68.878319
7.531082,-0.391742,0.022612,-0.10385,0.913915,147.828308,136.993484,35,68.878319
7.541119,-0.381419,0.020943,-0.103875,0.918308,147.828308,136.993484,35,68.878319
7.550861,-0.37025,0.019358,-0.103716,0.92292,332.101868,321.267029,35,68.878319
7.560668,-0.358093,0.018055,-0.103406,0.927766,332.101868,321.267029,35,68.878319
7.571045,-0.345133,0.017345,-0.102908,0.932733,331.605743,320.770905,35,68.878319
7.58116,-0.331566,0.016972,-0.102282,0.937716,331.605743,320.770905,35,68.878319
7.591027,-0.317784,0.016864,-0.101664,0.942545,331.605743,320.770905,35,68.878319
7.600796,-0.303866,0.016756,-0.10103,0.947194,330.911469,320.07663,35,68.878319
7.611081,-0.289653,0.016484,-0.100452,0.951702,330.911469,320.07663,35,68.878319
7.621179,-0.275118,0.015878,-0.09986,0.956077,330.324921,319.490082,35,68.878319
7.631016,-0.259924,0.015029,-0.099273,0.960394,330.324921,319.490082,35,68.878319
7.640999,-0.243752,0.013874,-0.098555,0.964716,330.324921,319.490082,35,68.878319
7.651021,-0.226332,0.012428,-0.097547,0.969073,329.837067,319.002228,35,68.878319
7.661019,-0.207492,0.010979,-0.096186,0.973433,329.837067,319.002228,35,68.878319
7.6711,-0.186983,0.009971,-0.094679,0.977738,329.199463,318.364624,35,68.878319
7.681026,-0.165067,0.009728,-0.093216,0.981818,329.199463,318.364624,35,68.878319
7.691113,-0.142274,0.010181,-0.091969,0.985492,329.199463,318.364624,35,68.878319
7.701262,-0.119778,0.010986,-0.091036,0.988556,328.536011,317.701172,35,68.878319
7.711024,-0.098081,0.011658,-0.090433,0.990992,328.536011,317.701172,35,68.878319
7.721203,-0.077541,0.011574,-0.090066,0.992844,328.536011,317.701172,35,68.878319
7.731107,-0.058593,0.010422,-0.089748,0.994184,328.204712,317.369873,35,68.878319
7.74137,-0.041644,0.008169,-0.089226,0.995106,328.204712,317.369873,35,68.878319
7.75111,-0.027162,0.005564,-0.088539,0.995686,328.075226,317.240387,35,68.878319
7.761095,-0.016362,0.003431,-0.087809,0.995996,328.075226,317.240387,35,68.878319
7.77104,-0.010034,0.002109,-0.087359,0.996123,327.894806,317.059967,35,68.878319
7.780906,-0.008579,0.001797,-0.087302,0.996143,327.894806,317.059967,35,68.878319
7.791211,-0.008573,0.001507,-0.08747,0.996128,327.894806,317.059967,35,68.878319
7.801122,-0.011898,0.000935,-0.087917,0.996055,327.932983,317.098145,35,68.878319
7.811504,-0.017205,-0.000373,-0.088466,0.99593,327.932983,317.098145,35,68.878319
7.8216,-0.025474,-0.003661,-0.089058,0.995693,328.089966,317.255127,35,68.878319
7.831419,-0.027725,-0.00496,-0.089118,0.995622,328.089966,317.255127,35,68.878319
7.84114,-0.031052,-0.007549,-0.089039,0.995514,328.089966,317.255127,35,68.878319
7.851038,-0.032477,-0.009893,-0.088692,0.995479,328.104187,317.269348,35,68.878319
7.86105,-0.031992,-0.011624,-0.088163,0.995523,328.104187,317.269348,35,68.878319
7.871073,-0.030098,-0.012532,-0.087591,0.995622,328.104187,317.269348,35,68.878319
7.881442,-0.027127,-0.013054,-0.086998,0.995752,327.955994,317.121155,35,68.878319
7.891265,-0.023404,-0.013451,-0.086417,0.995892,327.955994,317.121155,35,68.878319
7.901239,-0.019381,-0.013578,-0.08597,0.996016,327.778381,316.943542,35,68.878319
7.911392,-0.015357,-0.013374,-0.085788,0.996104,327.778381,316.943542,35,68.878319
7.921366,-0.01161,-0.013017,-0.08578,0.99616,327.727905,316.893066,35,68.878319
7.930942,-0.007973,-0.01218,-0.086081,0.996181,327.727905,316.893066,35,68.878319
7.941201,-0.004277,-0.010657,-0.086736,0.996164,327.727905,316.893066,35,68.878319
7.950242,-0.000092,-0.009262,-0.087583,0.996113,327.88678,317.051941,35,68.878319
7.961154,0.005129,-0.008752,-0.088405,0.996032,327.88678,317.051941,35,68.878319
7.971219,0.011484,-0.009409,-0.088971,0.995922,328.073914,317.239075,35,68.878319
7.981094,0.018588,-0.010963,-0.089369,0.995763,328.073914,317.239075,35,68.878319
7.990976,0.026107,-0.012516,-0.089679,0.995549,328.073914,317.239075,35,68.878319
8.001271,0.033517,-0.013594,-0.090086,0.995276,328.15451,317.319672,35,68.878319
8.010689,0.040185,-0.014003,-0.09066,0.994971,328.15451,317.319672,35,68.878319
8.022212,0.046049,-0.013999,-0.091452,0.994644,328.15451,317.319672,35,68.878319
8.030943,0.050822,-0.014048,-0.092522,0.994312,328.341553,317.506714,35,68.878319
8.041087,0.054544,-0.014568,-0.093788,0.993989,328.341553,317.506714,35,68.878319
8.05078,0.057296,-0.015514,-0.095079,0.993697,328.688263,317.853424,35,68.878319
8.061131,0.059277,-0.016534,-0.096192,0.993457,328.688263,317.853424,35,68.878319
8.071202,0.060726,-0.017441,-0.097018,0.993274,328.688263,317.853424,35,68.878319
8.081014,0.061814,-0.018434,-0.097451,0.993146,328.953705,318.118866,35,68.878319
8.090925,0.062751,-0.019631,-0.097388,0.993071,328.953705,318.118866,35,68.878319
8.101082,0.063622,-0.020585,-0.096787,0.993055,328.9198,318.084961,35,68.878319
8.110163,0.064472,-0.021104,-0.095741,0.993091,328.9198,318.084961,35,68.878319
8.121209,0.06528,-0.020801,-0.094552,0.993158,328.9198,318.084961,35,68.878319
8.131123,0.065831,-0.020002,-0.093417,0.993245,328.603882,317.769043,35,68.878319
8.140866,0.066108,-0.019151,-0.09233,0.993345,328.603882,317.769043,35,68.878319
8.151084,0.066061,-0.017806,-0.091455,0.993455,328.316162,317.481323,35,68.878319
8.161186,0.065624,-0.015891,-0.090745,0.993581,328.316162,317.481323,35,68.878319
8.171588,0.064629,-0.013829,-0.090047,0.993741,328.144012,317.309174,35,68.878319
8.181118,0.063393,-0.01183,-0.089104,0.993931,328.144012,317.309174,35,68.878319
8.191138,0.062406,-0.010041,-0.087631,0.994144,328.144012,317.309174,35,68.878319
8.20108,0.061859,-0.008414,-0.085716,0.99436,327.760895,316.926056,35,68.878319
8.211821,0.061584,-0.007103,-0.083638,0.994565,327.760895,316.926056,35,68.878319
8.2212,0.061187,-0.006057,-0.081766,0.994752,327.760895,316.926056,35,68.878319
8.231348,0.06022,-0.005102,-0.080397,0.994928,327.760895,316.926056,35,68.878319
8.240937,0.058708,-0.004074,-0.079625,0.995085,327.218292,316.383453,35,68.878319
8.250818,0.057151,-0.003041,-0.079292,0.995206,326.990662,316.155823,35,68.878319
8.261,0.056085,-0.002217,-0.07911,0.995283,326.990662,316.155823,35,68.878319
8.271006,0.055652,-0.001651,-0.078928,0.995323,326.943542,316.108704,35,68.878319
8.280974,0.055768,-0.001081,-0.078629,0.995341,326.943542,316.108704,35,68.878319
8.290867,0.056334,-0.000153,-0.078185,0.995345,326.943542,316.108704,35,68.878319
8.300995,0.057156,0.001446,-0.077607,0.995342,326.835144,316.000305,35,68.878319
8.310924,0.058026,0.003986,-0.076963,0.995335,326.835144,316.000305,35,68.878319
8.321108,0.058715,0.007259,-0.076409,0.995318,326.835144,316.000305,35,68.878319
8.3311,0.05898,0.010398,-0.076095,0.995299,326.716217,315.881378,35,68.878319
8.341093,0.05873,0.012879,-0.076089,0.995285,326.716217,315.881378,35,68.878319
8.351132,0.058033,0.014694,-0.076354,0.995281,326.748505,315.913666,35,68.878319
8.360882,0.05713,0.015798,-0.076777,0.995283,326.748505,315.913666,35,68.878319
8.371155,0.056353,0.016383,-0.077182,0.995287,326.748505,315.913666,35,68.878319
8.381206,0.05593,0.016864,-0.077455,0.995282,326.870636,316.035797,35,68.878319
8.390857,0.055837,0.017378,-0.077648,0.995263,326.870636,316.035797,35,68.878319
8.401115,0.055936,0.017893,-0.077839,0.995233,326.938995,316.104156,35,68.878319
8.410992,0.056097,0.018231,-0.078026,0.995204,326.938995,316.104156,35,68.878319
8.421149,0.056159,0.018218,-0.078233,0.995184,326.938995,316.104156,35,68.878319
8.430988,0.056051,0.018132,-0.078529,0.995168,326.999695,316.164856,35,68.878319
8.441112,0.055668,0.018267,-0.078999,0.99515,326.999695,316.164856,35,68.878319
8.451104,0.055068,0.018609,-0.079686,0.995122,327.133331,316.298492,35,68.878319
8.46409,0.054201,0.019239,-0.080595,0.995085,327.133331,316.298492,35,68.878319
8.47079,0.053081,0.020084,-0.08161,0.995046,327.133331,316.298492,35,68.878319
8.481001,0.052021,0.020861,-0.082453,0.995016,327.406036,316.571198,35,68.878319
8.490933,0.051381,0.02105,-0.082918,0.995007,327.406036,316.571198,35,68.878319
8.501129,0.051257,0.020468,-0.083052,0.995014,327.406036,316.571198,35,68.878319
8.511131,0.051348,0.019392,-0.08313,0.995025,327.544495,316.709656,35,68.878319
8.521094,0.05137,0.018194,-0.083465,0.995018,327.544495,316.709656,35,68.878319
8.533764,0.051224,0.016933,-0.084122,0.994993,327.592072,316.757233,35,68.878319
8.540826,0.050993,0.01578,-0.084987,0.99495,327.592072,316.757233,35,68.878319
8.551284,0.050835,0.014953,-0.085888,0.994893,327.811523,316.976685,35,68.878319
8.560205,0.050778,0.014609,-0.086855,0.994817,327.811523,316.976685,35,68.878319
8.571432,0.050586,0.014584,-0.088048,0.994723,327.811523,316.976685,35,68.878319
8.581239,0.050232,0.014264,-0.089453,0.99462,328.11792,317.283081,35,68.878319
8.591093,0.049929,0.013748,-0.090959,0.994506,328.11792,317.283081,35,68.878319
8.604219,0.049733,0.013247,-0.092494,0.994381,328.11792,317.283081,35,68.878319
8.610834,0.049756,0.012468,-0.093822,0.994266,328.11792,317.283081,35,68.878319
8.621148,0.050237,0.011491,-0.094859,0.994155,328.541473,317.706635,35,68.878319
8.631033,0.049908,0.005874,-0.096056,0.994105,328.541473,317.706635,35,68.878319
8.641034,0.048845,-0.001536,-0.097048,0.994078,328.877563,318.042725,35,68.878319
8.650929,0.047361,-0.003917,-0.098093,0.994041,328.877563,318.042725,35,68.878319
8.660949,0.044801,-0.003582,-0.099415,0.994029,328.877563,318.042725,35,68.804489
8.67116,0.042663,-0.001389,-0.100406,0.994029,329.099548,318.264709,35,68.804489
8.680922,0.041443,0.001916,-0.101109,0.994009,329.43454,318.599701,35,68.804489
8.690922,0.041024,0.005195,-0.101754,0.993949,329.43454,318.599701,35,68.804489
8.701004,0.041382,0.007785,-0.10241,0.993849,329.660858,318.826019,35,68.804489
8.710865,0.042153,0.009415,-0.103159,0.993725,329.660858,318.826019,35,68.804489
8.720943,0.042972,0.01037,-0.103993,0.993594,329.660858,318.826019,35,68.804489
8.730939,0.043846,0.010967,-0.104877,0.993456,329.906708,319.071869,35,68.804489
8.741119,0.044547,0.01154,-0.105855,0.993315,329.906708,319.071869,35,68.804489
8.750474,0.044824,0.012028,-0.107047,0.993169,330.207153,319.372314,35,68.804489
8.761104,0.044587,0.012282,-0.108547,0.993014,330.207153,319.372314,35,68.804489
8.770963,0.043977,0.012243,-0.110394,0.992838,330.207153,319.372314,35,68.804489
8.781066,0.043291,0.012052,-0.112504,0.992633,330.682617,319.847778,35,68.804489
8.791083,0.042752,0.012036,-0.114665,0.992409,330.682617,319.847778,35,68.804489
8.801076,0.04266,0.0116,-0.116631,0.992189,331.287018,320.452179,35,68.804489
8.811334,0.042962,0.011064,-0.118402,0.991973,331.287018,320.452179,35,68.804489
8.821013,0.043255,0.011132,-0.12012,0.991753,331.287018,320.452179,35,68.804489
8.831048,0.042926,0.011682,-0.122103,0.991518,331.796631,320.961792,35,68.804489
8.841087,0.04181,0.012603,-0.1245,0.991257,331.796631,320.961792,35,68.804489
8.851081,0.039842,0.01378,-0.127558,0.990933,332.502808,321.667969,35,68.804489
8.86108,0.037258,0.012866,-0.131142,0.990578,332.502808,321.667969,35,68.804489
8.871199,0.034458,0.011211,-0.135163,0.990159,332.502808,321.667969,35,68.804489
8.881276,0.031696,0.010029,-0.13957,0.989653,333.565613,322.730774,35,68.804489
8.890977,0.029277,0.00798,-0.143758,0.989146,333.565613,322.730774,35,68.804489
8.900986,0.027658,0.005243,-0.147497,0.988661,333.565613,322.730774,35,68.804489
8.910994,0.026593,0.00339,-0.151332,0.988118,334.739136,323.904297,35,68.804489
8.921252,0.025129,0.002521,-0.155834,0.987459,334.739136,323.904297,35,68.804489
8.931119,0.02255,0.001939,-0.161307,0.986643,335.933777,325.098938,35,68.804489
8.941085,0.01878,0.002,-0.167699,0.985656,335.933777,325.098938,35,68.804489
8.951617,0.016643,0.002271,-0.171178,0.985096,335.933777,325.098938,35,68.804489
8.961026,0.0098,0.002713,-0.182084,0.983229,337.752991,326.918152,35,68.804489
8.971482,0.004946,0.002354,-0.190029,0.981762,337.752991,326.918152,35,68.804489
8.98126,-0.00034,0.001698,-0.19873,0.980051,339.970856,329.136017,35,68.804489
8.991071,-0.005961,0.00082,-0.208267,0.978052,339.970856,329.136017,35,68.804489
9.001483,-0.011527,-0.000076,-0.218439,0.975781,339.970856,329.136017,35,68.804489
9.011058,-0.016449,-0.000741,-0.228491,0.973405,342.742523,331.907684,35,68.804489
9.022515,-0.018267,-0.000941,-0.233252,0.972243,342.742523,331.907684,35,68.804489
9.03099,-0.020367,-0.001497,-0.245768,0.969112,345.578766,334.743927,35,68.804489
9.040874,-0.020031,-0.002309,-0.253581,0.967103,345.578766,334.743927,35,68.804489
9.051458,-0.019469,-0.003367,-0.261855,0.964903,347.947327,337.112488,35,68.804489
9.061123,-0.019718,-0.004459,-0.271437,0.962242,347.947327,337.112488,35,68.804489
9.071733,-0.021601,-0.005585,-0.282783,0.958923,347.947327,337.112488,35,68.804489
9.081053,-0.025,-0.006541,-0.295503,0.954991,351.04657,340.211731,35,68.804489
9.091156,-0.029251,-0.007556,-0.309078,0.950555,351.04657,340.211731,35,68.804489
9.100801,-0.033701,-0.008996,-0.322931,0.945778,355.128479,344.29364,35,68.804489
9.110811,-0.037399,-0.011024,-0.336222,0.940974,355.128479,344.29364,35,68.804489
9.121956,-0.038787,-0.013485,-0.348259,0.936497,355.128479,344.29364,35,68.804489
9.130937,-0.038331,-0.016142,-0.358836,0.932472,359.029175,348.194336,35,68.804489
9.141014,-0.03699,-0.018709,-0.368837,0.928568,359.029175,348.194336,35,68.804489
9.151562,-0.03595,-0.020854,-0.379184,0.924386,2.175473,351.340637,35,68.804489
9.161119,-0.036469,-0.021968,-0.390415,0.919653,2.175473,351.340637,35,68.804489
9.171007,-0.038694,-0.02159,-0.402924,0.914159,2.175473,351.340637,35,68.804489
9.180901,-0.04239,-0.020131,-0.416715,0.907823,5.885091,355.050262,35,68.804489
9.190967,-0.046517,-0.018483,-0.431171,0.900879,5.885091,355.050262,35,68.804489
9.200362,-0.049577,-0.017367,-0.445172,0.893901,10.444124,359.609283,35,68.804489
9.210148,-0.050629,-0.017282,-0.458073,0.887301,10.444124,359.609283,35,68.804489
9.220802,-0.049719,-0.017766,-0.46998,0.881095,10.444124,359.609283,35,68.804489
9.230881,-0.047065,-0.018311,-0.480844,0.875349,14.466105,3.631277,35,68.804489
9.240967,-0.043439,-0.018888,-0.491076,0.869826,14.466105,3.631277,35,68.804489
9.2509,-0.040247,-0.019445,-0.50124,0.864151,17.805653,6.970825,35,68.804489
9.260993,-0.038326,-0.0197,-0.512019,0.857891,17.805653,6.970825,35,68.804489
9.270897,-0.037552,-0.019093,-0.523884,0.850746,17.805653,6.970825,35,68.804489
9.280909,-0.038014,-0.018943,-0.536849,0.842607,21.543415,10.708588,35,68.804489
9.29087,-0.039324,-0.019914,-0.550718,0.833524,21.543415,10.708588,35,68.804489
9.300992,-0.041494,-0.022022,-0.565343,0.823515,21.543415,10.708588,35,68.804489
9.311037,-0.04441,-0.025007,-0.580413,0.812724,26.288038,15.453211,35,68.804489
9.321045,-0.047899,-0.029599,-0.594785,0.801908,26.288038,15.453211,35,68.804489
9.331043,-0.050973,-0.035893,-0.607999,0.791484,31.518545,20.683718,35,68.804489
9.341043,-0.052388,-0.042209,-0.619983,0.781724,31.518545,20.683718,35,68.804489
9.350974,-0.05184,-0.047231,-0.630933,0.772659,31.518545,20.683718,35,68.804489
9.360823,-0.050094,-0.05066,-0.641591,0.763729,35.945923,25.111095,35,68.804489
9.371221,-0.048158,-0.052774,-0.652198,0.754672,35.945923,25.111095,35,68.804489
9.380878,-0.046339,-0.05426,-0.662795,0.745392,39.860977,29.02615,35,68.804489
9.392747,-0.045391,-0.054812,-0.668149,0.740614,39.860977,29.02615,35,68.804489
9.400753,-0.042017,-0.055787,-0.684047,0.726085,39.860977,29.02615,35,68.804489
9.411037,-0.039175,-0.056265,-0.694921,0.715808,43.899235,33.064407,35,68.804489
9.421114,-0.036421,-0.056563,-0.706299,0.704707,43.899235,33.064407,35,68.804489
9.430916,-0.035093,-0.057635,-0.717831,0.692938,48.262997,37.428169,35,68.804489
9.441154,-0.036468,-0.061256,-0.728615,0.681201,48.262997,37.428169,35,68.804489
9.451062,-0.039286,-0.066869,-0.738319,0.669976,48.262997,37.428169,35,68.804489
9.46301,-0.040497,-0.069786,-0.742758,0.664679,52.747833,41.913006,35,68.804489
9.471103,-0.041528,-0.077391,-0.754344,0.650576,52.747833,41.913006,35,68.804489
9.481098,-0.040115,-0.081169,-0.760929,0.642484,56.260925,45.426098,35,68.804489
9.491148,-0.037163,-0.083756,-0.766782,0.635332,56.260925,45.426098,35,68.804489
9.501119,-0.033051,-0.085279,-0.77192,0.629104,56.260925,45.426098,35,68.804489
9.511506,-0.030817,-0.085707,-0.774356,0.626158,58.837788,48.00296,35,68.804489
9.521232,-0.02678,-0.086144,-0.77892,0.620599,58.837788,48.00296,35,68.804489
9.532557,-0.023499,-0.08633,-0.783316,0.615149,60.901302,50.066475,35,68.804489
9.541127,-0.020948,-0.086364,-0.787408,0.60999,60.901302,50.066475,35,68.804489
9.551225,-0.017821,-0.086468,-0.792806,0.603044,60.901302,50.066475,35,68.804489
9.560108,-0.017075,-0.086666,-0.794377,0.600965,62.717915,51.883087,35,68.804489
9.571417,-0.015692,-0.087791,-0.798449,0.595419,62.717915,51.883087,35,68.804489
9.581417,-0.015526,-0.088238,-0.799631,0.593767,64.077911,53.243084,35,68.804489
9.591302,-0.015568,-0.089161,-0.801729,0.590792,64.077911,53.243084,35,68.804489
9.602135,-0.015703,-0.089868,-0.803403,0.588402,64.077911,53.243084,35,68.804489
9.611418,-0.015758,-0.090181,-0.804629,0.586676,65.006821,54.171993,35,68.804489
9.62134,-0.015856,-0.09019,-0.805492,0.585486,65.006821,54.171993,35,68.804489
9.631552,-0.016181,-0.089713,-0.806153,0.58464,65.452606,54.617779,35,68.804489
9.641481,-0.016733,-0.088779,-0.806706,0.584003,65.452606,54.617779,35,68.804489
9.651484,-0.017367,-0.087545,-0.807197,0.583493,65.452606,54.617779,35,68.804489
9.661794,-0.018067,-0.08604,-0.807752,0.582927,65.706261,54.871433,35,68.804489
9.673515,-0.019062,-0.084378,-0.808468,0.582146,65.706261,54.871433,35,68.804489
9.681728,-0.020284,-0.082656,-0.809286,0.581214,66.038551,55.203724,35,68.804489
9.694163,-0.021504,-0.081098,-0.810039,0.58034,66.038551,55.203724,35,68.804489
9.7119,-0.022716,-0.07966,-0.810693,0.579579,66.038551,55.203724,35,68.804489
9.721778,-0.025282,-0.076766,-0.811791,0.578325,66.038551,55.203724,35,68.804489
9.731461,-0.026826,-0.075361,-0.812287,0.577743,66.648979,55.814152,35,68.804489
9.741276,-0.02839,-0.073928,-0.812728,0.577234,66.648979,55.814152,35,68.804489
9.751149,-0.02969,-0.072478,-0.813075,0.576863,66.648979,55.814152,35,68.804489
9.760819,-0.030733,-0.071074,-0.813342,0.576607,66.853241,56.018414,35,68.804489
9.770881,-0.031609,-0.069714,-0.813602,0.576359,66.853241,56.018414,35,68.804489
9.781278,-0.032419,-0.068356,-0.8139,0.576056,66.990616,56.155788,35,68.804489
9.7916,-0.033285,-0.067064,-0.814215,0.575712,66.990616,56.155788,35,68.804489
9.800792,-0.034169,-0.065809,-0.814544,0.57534,66.990616,56.155788,35,68.804489
9.811078,-0.035001,-0.064462,-0.814861,0.574994,67.156586,56.321758,35,68.804489
9.8211,-0.0357,-0.063109,-0.815083,0.574786,67.156586,56.321758,35,68.804489
9.830891,-0.036157,-0.061834,-0.815178,0.574762,67.270943,56.436115,35,68.804489
9.841036,-0.036423,-0.060555,-0.815205,0.574842,67.270943,56.436115,35,68.804489
9.851026,-0.036602,-0.059185,-0.815229,0.57494,67.270943,56.436115,35,68.804489
9.861056,-0.036724,-0.057811,-0.815265,0.57502,67.284843,56.450016,35,68.804489
9.871093,-0.036753,-0.056528,-0.815267,0.575144,67.284843,56.450016,35,68.804489
9.881107,-0.036733,-0.05542,-0.815233,0.575301,67.283104,56.448277,35,68.804489
9.890979,-0.036804,-0.054527,-0.815177,0.575461,67.283104,56.448277,35,68.804489
9.901111,-0.037027,-0.053846,-0.815116,0.575598,67.283104,56.448277,35,68.804489
9.91082,-0.037476,-0.053283,-0.81508,0.575672,67.25518,56.420353,35,68.804489
9.921099,-0.038044,-0.052701,-0.815057,0.57572,67.25518,56.420353,35,68.804489
9.931046,-0.038579,-0.052108,-0.814971,0.57586,67.244888,56.410061,35,68.804489
9.940969,-0.038939,-0.051562,-0.814766,0.576175,67.244888,56.410061,35,68.804489
9.950848,-0.039081,-0.051019,-0.814457,0.57665,67.244888,56.410061,35,68.804489
9.960855,-0.039107,-0.050452,-0.814105,0.577195,67.126442,56.291615,35,68.804489
9.973425,-0.039165,-0.049901,-0.813751,0.577738,67.126442,56.291615,35,68.804489
9.980857,-0.039379,-0.049381,-0.813451,0.57819,66.958168,56.123341,35,68.804489
9.991067,-0.039742,-0.048866,-0.813203,0.578558,66.958168,56.123341,35,68.804489
10.001101,-0.040091,-0.048396,-0.812973,0.578897,66.958168,56.123341,35,68.804489
10.010971,-0.040406,-0.047934,-0.812734,0.579249,66.844582,56.009754,35,68.804489
10.021267,-0.040707,-0.047515,-0.812453,0.579656,66.844582,56.009754,35,68.804489
10.031085,-0.041002,-0.047178,-0.812086,0.580177,66.708321,55.873493,35,68.804489
10.043642,-0.041274,-0.046918,-0.811606,0.580849,66.708321,55.873493,35,68.804489
10.05119,-0.041572,-0.046752,-0.811003,0.581684,66.708321,55.873493,35,68.804489
10.061102,-0.041897,-0.046616,-0.810232,0.582746,66.450386,55.615559,35,68.804489
10.071563,-0.042256,-0.046706,-0.809217,0.584121,66.450386,55.615559,35,68.804489
10.081051,-0.042582,-0.047104,-0.807888,0.585902,65.962303,55.127476,35,68.804489
10.09077,-0.04277,-0.047616,-0.806315,0.58801,65.962303,55.127476,35,68.804489
10.1033,-0.042935,-0.047863,-0.804642,0.590266,65.962303,55.127476,35,68.804489
10.112356,-0.043153,-0.047716,-0.802864,0.592678,65.962303,55.127476,35,68.804489
10.121075,-0.043332,-0.047338,-0.800923,0.595315,65.185852,54.351025,35,68.804489
10.130829,-0.043395,-0.046963,-0.79871,0.598306,64.25206,53.417233,35,68.804489
10.141086,-0.043221,-0.046754,-0.796149,0.601738,64.25206,53.417233,35,68.804489
10.150813,-0.043072,-0.046975,-0.79315,0.605678,64.25206,53.417233,35,68.804489
10.160755,-0.043158,-0.047458,-0.789656,0.610183,62.935272,52.100445,35,68.804489
10.171095,-0.043317,-0.047961,-0.785647,0.615287,62.935272,52.100445,35,68.804489
10.181425,-0.043546,-0.048491,-0.780915,0.621225,61.065693,50.230865,35,68.804489
10.191035,-0.04409,-0.048887,-0.775444,0.627972,61.065693,50.230865,35,68.804489
10.201518,-0.045221,-0.049297,-0.769488,0.635145,61.065693,50.230865,35,68.804489
10.211082,-0.046653,-0.049891,-0.763222,0.642513,58.51099,47.676163,35,68.804489
10.221121,-0.048161,-0.050717,-0.75652,0.650216,58.51099,47.676163,35,68.804489
10.231089,-0.049621,-0.051527,-0.749499,0.658126,58.51099,47.676163,35,68.804489
10.241026,-0.05105,-0.052619,-0.742576,0.665734,55.615932,44.781105,35,68.804489
10.251372,-0.052363,-0.053949,-0.735818,0.67299,55.615932,44.781105,35,68.804489
10.260829,-0.053814,-0.055275,-0.728949,0.680205,52.719322,41.884495,35,68.804489
10.270863,-0.055805,-0.056456,-0.721735,0.687599,52.719322,41.884495,35,68.804489
10.280939,-0.057868,-0.057296,-0.714044,0.695345,49.775898,38.941071,35,68.804489
10.291179,-0.059313,-0.058075,-0.705699,0.703629,49.775898,38.941071,35,68.804489
10.301746,-0.05968,-0.058586,-0.696992,0.712182,49.775898,38.941071,35,68.804489
10.311065,-0.059812,-0.058579,-0.688154,0.720715,49.775898,38.941071,35,68.804489
10.320973,-0.060444,-0.059089,-0.679118,0.729143,46.378632,35.543804,35,68.804489
10.330835,-0.06068,-0.059285,-0.669888,0.737596,42.855145,32.020317,35,68.804489
10.341031,-0.060668,-0.060118,-0.660172,0.746239,42.855145,32.020317,35,68.804489
10.350912,-0.059817,-0.060983,-0.650187,0.754954,42.855145,32.020317,35,68.804489
10.360852,-0.058248,-0.061487,-0.639868,0.7638,39.090736,28.255909,35,68.804489
10.370884,-0.056624,-0.062131,-0.629272,0.772622,39.090736,28.255909,35,68.804489
10.380884,-0.055184,-0.062221,-0.618621,0.781272,35.14056,24.305733,35,68.804489
10.390971,-0.05474,-0.062293,-0.608033,0.789565,35.14056,24.305733,35,68.804489
10.401033,-0.054844,-0.062553,-0.597276,0.797706,35.14056,24.305733,35,68.804489
10.411047,-0.054139,-0.062833,-0.586219,0.805893,31.271921,20.437094,35,68.804489
10.42094,-0.052175,-0.063253,-0.574818,0.81416,31.271921,20.437094,35,68.804489
10.430866,-0.049568,-0.06427,-0.563039,0.822432,27.218325,16.383497,35,68.804489
10.441047,-0.046378,-0.0656,-0.551021,0.830612,27.218325,16.383497,35,68.804489
10.450765,-0.043181,-0.066814,-0.539081,0.838486,27.218325,16.383497,35,68.804489
10.461036,-0.040457,-0.067491,-0.527629,0.84582,23.028337,12.19351,35,68.804489
10.470894,-0.038791,-0.067812,-0.516685,0.852601,23.028337,12.19351,35,68.804489
10.480848,-0.037748,-0.068069,-0.505811,0.859122,19.270973,8.436146,35,68.804489
10.491008,-0.036676,-0.068578,-0.494727,0.865559,19.270973,8.436146,35,68.804489
10.50102,-0.034884,-0.069366,-0.483068,0.87213,19.270973,8.436146,35,68.804489
10.511014,-0.032357,-0.070467,-0.470781,0.878833,15.496645,4.661818,35,68.804489
10.520911,-0.029143,-0.071896,-0.457895,0.885612,15.496645,4.661818,35,68.804489
10.531236,-0.025529,-0.073562,-0.44477,0.892251,15.496645,4.661818,35,68.804489
10.54081,-0.021885,-0.075408,-0.431751,0.898566,11.295886,0.461059,35,68.804489
10.550952,-0.018455,-0.077242,-0.419117,0.904449,11.295886,0.461059,35,68.804489
10.560878,-0.015579,-0.078772,-0.407177,0.90981,7.142071,356.307251,35,68.804489
10.570717,-0.013281,-0.080066,-0.396022,0.914644,7.142071,356.307251,35,68.804489
10.580846,-0.011096,-0.081404,-0.38528,0.919132,3.572926,352.738098,35,68.804489
10.591181,-0.008503,-0.082946,-0.37478,0.923354,3.572926,352.738098,35,68.804489
10.600953,-0.005283,-0.084521,-0.364265,0.927434,3.572926,352.738098,35,68.804489
10.61096,-0.001569,-0.085968,-0.353707,0.931393,3.572926,352.738098,35,68.804489
10.622407,0.002222,-0.087051,-0.343126,0.935241,0.254315,349.419495,35,68.804489
10.630782,0.005752,-0.087821,-0.332611,0.938945,356.95932,346.124481,35,68.804489
10.641023,0.009104,-0.088453,-0.322049,0.942535,356.95932,346.124481,35,68.804489
10.651028,0.012502,-0.088982,-0.311316,0.946046,356.95932,346.124481,35,68.804489
10.660993,0.015989,-0.089425,-0.300654,0.949394,353.671021,342.836182,35,68.804489
10.671221,0.019665,-0.089674,-0.2902,0.952549,353.671021,342.836182,35,68.804489
10.680962,0.023328,-0.089548,-0.280263,0.955449,350.490173,339.655334,35,68.804489
10.691436,0.026643,-0.088912,-0.271009,0.958088,350.490173,339.655334,35,68.804489
10.701125,0.029386,-0.087828,-0.262224,0.96055,350.490173,339.655334,35,68.804489
10.711944,0.031958,-0.086439,-0.253274,0.962992,350.490173,339.655334,35,68.804489
10.721212,0.034741,-0.08501,-0.243692,0.965492,347.743286,336.908447,35,68.804489
10.730389,0.036295,-0.084186,-0.238577,0.966784,344.879486,334.044647,35,68.804489
10.741088,0.04081,-0.081619,-0.222129,0.970735,344.879486,334.044647,35,68.804489
10.75078,0.042077,-0.080724,-0.216547,0.972016,344.879486,334.044647,35,68.804489
10.761122,0.044322,-0.078661,-0.205306,0.974521,341.590637,330.755798,35,68.804489
10.771032,0.047147,-0.075015,-0.18881,0.978006,341.590637,330.755798,35,68.804489
10.781117,0.047997,-0.073729,-0.183499,0.979072,338.415497,327.580658,35,68.804489
10.79111,0.050163,-0.070169,-0.167891,0.982022,338.415497,327.580658,35,68.804489
10.801021,0.051565,-0.067947,-0.157851,0.983769,338.415497,327.580658,35,68.804489
10.811062,0.053297,-0.065476,-0.147978,0.985378,335.454559,324.61972,35,68.804489
10.821033,0.054213,-0.064014,-0.143128,0.98614,335.454559,324.61972,35,68.804489
10.831289,0.055823,-0.060438,-0.133766,0.987589,332.708893,321.874054,35,68.804489
10.840939,0.057021,-0.056206,-0.12489,0.988932,332.708893,321.874054,35,68.804489
10.850863,0.057941,-0.051593,-0.11665,0.990135,332.708893,321.874054,35,68.804489
10.861069,0.058618,-0.047106,-0.109332,0.991154,330.397919,319.56308,35,68.804489
10.871026,0.059145,-0.043246,-0.102977,0.991979,330.397919,319.56308,35,68.804489
10.881174,0.059554,-0.040019,-0.097383,0.992654,328.713501,317.878662,35,68.804489
10.891298,0.06004,-0.037229,-0.092436,0.993207,328.713501,317.878662,35,68.804489
10.90165,0.060631,-0.034905,-0.088171,0.993643,328.713501,317.878662,35,68.804489
10.910121,0.061044,-0.033023,-0.084609,0.993991,327.508972,316.674133,35,68.804489
10.920922,0.061168,-0.031263,-0.081536,0.994297,327.508972,316.674133,35,68.804489
10.931336,0.061336,-0.029401,-0.07852,0.994587,326.649719,315.81488,35,68.804489
10.940953,0.061865,-0.027312,-0.075202,0.99487,326.649719,315.81488,35,68.804489
10.950844,0.062935,-0.024884,-0.071514,0.995138,326.649719,315.81488,35,68.804489
10.960766,0.064219,-0.022203,-0.067815,0.995379,325.647766,314.812927,35,68.804489
10.97128,0.065064,-0.019302,-0.064757,0.995588,325.647766,314.812927,35,68.804489
10.980225,0.065079,-0.016486,-0.06282,0.995762,324.973053,314.138214,35,68.804489
10.990783,0.064313,-0.014103,-0.062184,0.995888,324.973053,314.138214,35,68.804489
11.001562,0.06296,-0.012355,-0.062699,0.995965,324.973053,314.138214,35,68.804489
11.010931,0.061295,-0.011117,-0.064054,0.995997,324.973053,314.138214,35,68.804489
11.020903,0.05962,-0.010363,-0.065715,0.995999,325.123108,314.288269,35,68.804489
11.031551,0.058155,-0.009989,-0.067125,0.995995,325.565491,314.730652,35,68.804489
11.04109,0.057135,-0.009738,-0.067824,0.996009,325.565491,314.730652,35,68.804489
11.050862,0.056666,-0.009255,-0.067757,0.996045,325.565491,314.730652,35,68.804489
11.061098,0.056585,-0.008407,-0.067184,0.996096,325.565491,314.730652,35,68.804489
11.071776,0.056847,-0.007379,-0.066477,0.996137,325.565491,314.730652,35,68.804489
11.081012,0.057302,-0.006388,-0.065947,0.996153,325.424194,314.589355,35,68.804489
11.090973,0.057685,-0.00559,-0.065834,0.996143,325.424194,314.589355,35,68.804489
11.100937,0.057918,-0.005091,-0.066183,0.996109,325.424194,314.589355,35,68.804489
11.111113,0.057763,-0.0046,-0.066833,0.996077,325.517395,314.682556,35,68.804489
11.120518,0.057193,-0.004246,-0.067778,0.996048,325.517395,314.682556,35,68.804489
11.130966,0.05613,-0.00379,-0.068893,0.996033,325.810913,314.976074,35,68.804489
11.141044,0.05468,-0.002997,-0.06981,0.996053,325.810913,314.976074,35,68.804489
11.150227,0.053511,-0.001583,-0.069943,0.99611,325.810913,314.976074,35,68.804489
11.16095,0.053134,0.000024,-0.069238,0.996181,325.810913,314.976074,35,68.804489
11.171094,0.053766,-0.000009,-0.067953,0.996236,325.875244,315.040405,35,68.804489
11.18112,0.055072,-0.000438,-0.066236,0.99628,325.875244,315.040405,35,68.804489
11.190516,0.05683,-0.001359,-0.064854,0.996271,325.460052,314.625214,35,68.804489
11.204868,0.058583,-0.002195,-0.064207,0.99621,325.460052,314.625214,35,68.804489
11.210512,0.06001,-0.002314,-0.06425,0.996122,325.460052,314.625214,35,68.804489
11.220783,0.060861,-0.002669,-0.06472,0.996039,325.254028,314.419189,35,68.804489
11.231263,0.061137,-0.004036,-0.065376,0.995975,325.39563,314.560791,35,68.804489
11.240963,0.060883,-0.005701,-0.066065,0.995937,325.39563,314.560791,35,68.804489
11.250952,0.060559,-0.007464,-0.066521,0.995914,325.39563,314.560791,35,68.804489
11.261015,0.060244,-0.010103,-0.066646,0.995902,325.492218,314.657379,35,68.804489
11.270902,0.059675,-0.013436,-0.066609,0.995899,325.492218,314.657379,35,68.804489
11.281243,0.05893,-0.016338,-0.066453,0.995911,325.412628,314.577789,35,68.804489
11.290932,0.058342,-0.018245,-0.066101,0.995936,325.412628,314.577789,35,68.804489
11.301152,0.058002,-0.019269,-0.065497,0.995976,325.412628,314.577789,35,68.804489
11.310943,0.057814,-0.019558,-0.064664,0.996036,325.412628,314.577789,35,68.804489
11.320844,0.05758,-0.019521,-0.063658,0.996115,325.224884,314.390045,35,68.804489
11.330926,0.057081,-0.019699,-0.062574,0.996209,325.224884,314.390045,35,68.804489
11.340276,0.056186,-0.020418,-0.061596,0.996306,324.926086,314.091248,35,68.804489
11.351015,0.054876,-0.021401,-0.060899,0.996401,324.926086,314.091248,35,68.804489
11.361022,0.053269,-0.022362,-0.060513,0.996491,324.711945,313.877106,35,68.804489
11.370865,0.051464,-0.023085,-0.060473,0.996572,324.711945,313.877106,35,68.804489
11.380909,0.049723,-0.023331,-0.06065,0.996644,324.711945,313.877106,35,68.804489
11.390942,0.048181,-0.023496,-0.060881,0.996702,324.723541,313.888702,35,68.804489
11.400799,0.046766,-0.024081,-0.061073,0.996743,324.723541,313.888702,35,68.804489
11.412943,0.045422,-0.024928,-0.061141,0.996781,324.723541,313.888702,35,68.804489
11.420973,0.044127,-0.025553,-0.061002,0.996831,324.773468,313.938629,35,68.804489
11.431028,0.042901,-0.025609,-0.060675,0.996903,324.773468,313.938629,35,68.804489
11.441085,0.04176,-0.02514,-0.060262,0.996989,324.712616,313.877777,35,68.804489
11.450834,0.040666,-0.024419,-0.059932,0.997072,324.712616,313.877777,35,68.804489
11.461082,0.039578,-0.023548,-0.059811,0.997144,324.712616,313.877777,35,68.804489
11.470968,0.038429,-0.023275,-0.060045,0.997181,324.638794,313.803955,35,68.804489
11.482946,0.03671,-0.02599,-0.061099,0.997115,324.638794,313.803955,35,68.804489
11.490921,0.034764,-0.02938,-0.062397,0.99701,324.808411,313.973572,35,68.804489
11.501007,0.032673,-0.031323,-0.063895,0.996927,324.808411,313.973572,35,68.804489
11.511018,0.030427,-0.03128,-0.065386,0.996902,325.220856,314.386017,35,68.804489
11.520994,0.028801,-0.030204,-0.066459,0.996913,325.220856,314.386017,35,68.804489
11.530822,0.028072,-0.028674,-0.0669,0.996949,325.220856,314.386017,35,68.804489
11.541105,0.028131,-0.026842,-0.0668,0.997006,325.465546,314.630707,35,68.804489
11.551102,0.028578,-0.025123,-0.066448,0.997061,325.465546,314.630707,35,68.804489
11.561186,0.029014,-0.023895,-0.066125,0.9971,325.465546,314.630707,35,68.804489
11.570741,0.02932,-0.023004,-0.065962,0.997123,325.396301,314.561462,35,68.804489
11.581098,0.029365,-0.022163,-0.066126,0.99713,325.396301,314.561462,35,68.804489
11.591734,0.029097,-0.021551,-0.066673,0.997115,325.402496,314.567657,35,68.804489
11.600862,0.028639,-0.021382,-0.067499,0.997076,325.402496,314.567657,35,68.804489
11.610677,0.028106,-0.021253,-0.068482,0.997027,325.634033,314.799194,35,68.804489
11.621049,0.027668,-0.020953,-0.06947,0.996977,325.634033,314.799194,35,68.804489
11.630877,0.027412,-0.020813,-0.07029,0.99693,325.634033,314.799194,35,68.804489
11.641731,0.027433,-0.02092,-0.070856,0.996887,325.895477,315.060638,35,68.804489
11.650932,0.027634,-0.021106,-0.071198,0.996853,325.895477,315.060638,35,68.804489
11.660891,0.028029,-0.021462,-0.071346,0.996824,325.99588,315.161041,35,68.804489
11.671048,0.028389,-0.022031,-0.07138,0.996799,325.99588,315.161041,35,68.804489
11.680867,0.028796,-0.022683,-0.071365,0.996773,325.99588,315.161041,35,68.804489
11.690875,0.029158,-0.023191,-0.071305,0.996755,325.993652,315.158813,35,68.804489
11.700945,0.029434,-0.023627,-0.071191,0.996745,325.993652,315.158813,35,68.804489
11.711034,0.029607,-0.023786,-0.071056,0.996746,325.993652,315.158813,35,68.804489
11.72059,0.029744,-0.023433,-0.070922,0.99676,325.958923,315.124084,35,68.804489
11.730883,0.029896,-0.022771,-0.0708,0.996779,325.958923,315.124084,35,68.804489
11.740962,0.030182,-0.022456,-0.070653,0.996788,325.925659,315.09082,35,68.804489
11.750841,0.030678,-0.022602,-0.070423,0.996786,325.925659,315.09082,35,68.804489
11.760889,0.031344,-0.02316,-0.070087,0.996776,325.854675,315.019836,35,68.804489
11.770835,0.032021,-0.02416,-0.069685,0.996759,325.854675,315.019836,35,68.804489
11.780903,0.03275,-0.025285,-0.06928,0.996736,325.726776,314.891937,35,68.804489
11.790858,0.035112,-0.025948,-0.068442,0.996696,325.726776,314.891937,35,68.804489
11.800156,0.036172,-0.021502,-0.067067,0.996858,325.726776,314.891937,35,68.804489
11.81083,0.037649,-0.020448,-0.066062,0.996892,325.726776,314.891937,35,68.804489
11.820835,0.038515,-0.021481,-0.06501,0.996907,325.412964,314.578125,35,68.804489
11.830819,0.03845,-0.023377,-0.064585,0.996894,325.412964,314.578125,35,68.804489
11.840995,0.037539,-0.024391,-0.064626,0.996902,325.184937,314.350098,35,68.804489
11.850633,0.036139,-0.025236,-0.065249,0.996892,325.184937,314.350098,35,68.804489
11.860824,0.034736,-0.025889,-0.066088,0.99687,325.332062,314.497223,35,68.804489
11.870835,0.033785,-0.026311,-0.066673,0.996853,325.332062,314.497223,35,68.804489
